number,url,type,type_clean,issued,lowest_crs,date,datetime,cut_off_datetime,distribution_as_on_date,dd1,dd2,dd3,dd4,dd5,dd6,dd7,dd8,dd9,dd10,dd11,dd12,dd13,dd14,dd15,dd16,dd17,dd18
291,/content/canadasite/en/immigration-refugees-citizenship/corporate/mandate/policies-operational-instructions-agreements/ministerial-instructions/express-entry-rounds/invitations.html?q=291,French language proficiency (2024-1),French language proficiency,1500,388,2024-03-26,2024-03-26 15:59:36,2024-03-10 20:06:26,2024-03-24,987,10342,60488,8294,10683,17105,13218,11188,50882,10172,10309,9296,10610,10495,55586,28287,5390,211962
290,/content/canadasite/en/immigration-refugees-citizenship/corporate/mandate/policies-operational-instructions-agreements/ministerial-instructions/express-entry-rounds/invitations.html?q=290,General,General,1980,524,2024-03-25,2024-03-25 17:45:49,2024-02-25 14:42:38,2024-03-24,987,10342,60488,8294,10683,17105,13218,11188,50882,10172,10309,9296,10610,10495,55586,28287,5390,211962
289,/content/canadasite/en/immigration-refugees-citizenship/corporate/mandate/policies-operational-instructions-agreements/ministerial-instructions/express-entry-rounds/invitations.html?q=289,Transport occupations (2024-1),Transport occupations,975,430,2024-03-13,2024-03-13 16:16:01,2023-07-31 13:27:26,2024-03-11,987,10573,60108,8065,10499,17083,13275,11186,50569,10174,10410,9186,10414,10385,55099,28536,5348,211220
288,/content/canadasite/en/immigration-refugees-citizenship/corporate/mandate/policies-operational-instructions-agreements/ministerial-instructions/express-entry-rounds/invitations.html?q=288,General,General,2850,525,2024-03-12,2024-03-12 14:57:26,2023-11-01 17:08:51,2024-03-11,987,10573,60108,8065,10499,17083,13275,11186,50569,10174,10410,9186,10414,10385,55099,28536,5348,211220
287,/content/canadasite/en/immigration-refugees-citizenship/corporate/mandate/policies-operational-instructions-agreements/ministerial-instructions/express-entry-rounds/invitations.html?q=287,French language proficiency (2024-1),French language proficiency,2500,336,2024-02-29,2024-02-29 15:58:53,2024-01-18 09:15:46,2024-02-27,965,9567,59371,7574,10095,17137,13373,11192,50695,10265,10474,9110,10407,10439,56178,29305,5406,211487
286,/content/canadasite/en/immigration-refugees-citizenship/corporate/mandate/policies-operational-instructions-agreements/ministerial-instructions/express-entry-rounds/invitations.html?q=286,General,General,1470,534,2024-02-28,2024-02-28 14:57:26,2024-01-16 03:51:05,2024-02-27,965,9567,59371,7574,10095,17137,13373,11192,50695,10265,10474,9110,10407,10439,56178,29305,5406,211487
285,/content/canadasite/en/immigration-refugees-citizenship/corporate/mandate/policies-operational-instructions-agreements/ministerial-instructions/express-entry-rounds/invitations.html?q=285,Agriculture and agri-food occupations (2023-1),Agriculture and agri-food occupations,150,437,2024-02-16,2024-02-16 15:18:05,2024-01-29 03:32:58,2024-02-11,587,9004,60043,7285,10016,17431,13750,11561,51356,10514,10752,9445,10283,10362,55850,29141,5292,211273
284,/content/canadasite/en/immigration-refugees-citizenship/corporate/mandate/policies-operational-instructions-agreements/ministerial-instructions/express-entry-rounds/invitations.html?q=284,Healthcare occupations (2023-1),Healthcare occupations,3500,422,2024-02-14,2024-02-14 15:50:22,2024-01-30 02:39:54,2024-02-11,587,9004,60043,7285,10016,17431,13750,11561,51356,10514,10752,9445,10283,10362,55850,29141,5292,211273
283,/content/canadasite/en/immigration-refugees-citizenship/corporate/mandate/policies-operational-instructions-agreements/ministerial-instructions/express-entry-rounds/invitations.html?q=283,General,General,1490,535,2024-02-13,2024-02-13 14:18:53,2024-02-11 15:26:56,2024-02-11,587,9004,60043,7285,10016,17431,13750,11561,51356,10514,10752,9445,10283,10362,55850,29141,5292,211273
282,/content/canadasite/en/immigration-refugees-citizenship/corporate/mandate/policies-operational-instructions-agreements/ministerial-instructions/express-entry-rounds/invitations.html?q=282,French language proficiency (2023-1),French language proficiency,7000,365,2024-02-01,2024-02-01 16:36:01,2023-09-08 09:47:27,2024-01-30,534,7926,60120,6787,9668,17586,14160,11919,54181,10930,11219,10104,10874,11054,57855,29709,5401,215726
281,/content/canadasite/en/immigration-refugees-citizenship/corporate/mandate/policies-operational-instructions-agreements/ministerial-instructions/express-entry-rounds/invitations.html?q=281,General,General,730,541,2024-01-31,2024-01-31 15:18:02,2023-07-15 10:52:08,2024-01-30,534,7926,60120,6787,9668,17586,14160,11919,54181,10930,11219,10104,10874,11054,57855,29709,5401,215726
280,/content/canadasite/en/immigration-refugees-citizenship/corporate/mandate/policies-operational-instructions-agreements/ministerial-instructions/express-entry-rounds/invitations.html?q=280,General,General,1040,543,2024-01-23,2024-01-23 16:08:03,2024-01-21 07:43:47,2024-01-22,646,6915,59043,6399,9291,17395,14189,11769,53905,10942,11131,10053,10801,10978,57979,29690,5348,213526
279,/content/canadasite/en/immigration-refugees-citizenship/corporate/mandate/policies-operational-instructions-agreements/ministerial-instructions/express-entry-rounds/invitations.html?q=279,General,General,1510,546,2024-01-10,2024-01-10 16:59:13,2023-12-31 18:23:22,2024-01-09,1298,6345,58298,6164,9042,17311,14118,11663,53671,10863,11072,10038,10728,10970,57703,29542,5300,212157
278,/content/canadasite/en/immigration-refugees-citizenship/corporate/mandate/policies-operational-instructions-agreements/ministerial-instructions/express-entry-rounds/invitations.html?q=278,Agriculture and agri-food occupations (2023-1),Agriculture and agri-food occupations,400,386,2023-12-21,2023-12-21 14:15:42,2023-07-06 05:44:14,2023-12-17,1011,4433,56223,5140,8041,17221,14219,11602,53698,10946,11144,10055,10606,10947,58033,29955,5285,208638
277,/content/canadasite/en/immigration-refugees-citizenship/corporate/mandate/policies-operational-instructions-agreements/ministerial-instructions/express-entry-rounds/invitations.html?q=277,Transport occupations (2023-1),Transport occupations,670,435,2023-12-20,2023-12-20 15:55:23,2023-08-30 17:30:21,2023-12-17,1011,4433,56223,5140,8041,17221,14219,11602,53698,10946,11144,10055,10606,10947,58033,29955,5285,208638
276,/content/canadasite/en/immigration-refugees-citizenship/corporate/mandate/policies-operational-instructions-agreements/ministerial-instructions/express-entry-rounds/invitations.html?q=276,Trade occupations (2023-1),Trade occupations,1000,425,2023-12-19,2023-12-19 14:44:00,2023-11-04 11:16:58,2023-12-17,1011,4433,56223,5140,8041,17221,14219,11602,53698,10946,11144,10055,10606,10947,58033,29955,5285,208638
275,/content/canadasite/en/immigration-refugees-citizenship/corporate/mandate/policies-operational-instructions-agreements/ministerial-instructions/express-entry-rounds/invitations.html?q=275,General,General,1325,542,2023-12-18,2023-12-18 16:12:22,2023-11-06 14:40:23,2023-12-17,1011,4433,56223,5140,8041,17221,14219,11602,53698,10946,11144,10055,10606,10947,58033,29955,5285,208638
274,/content/canadasite/en/immigration-refugees-citizenship/corporate/mandate/policies-operational-instructions-agreements/ministerial-instructions/express-entry-rounds/invitations.html?q=274,STEM occupations (2023-1),STEM occupations,5900,481,2023-12-08,2023-12-08 03:02:52,2023-09-07 09:24:49,2023-12-05,4525,5457,60014,6634,10335,17312,14165,11568,53502,10885,11111,9973,10608,10925,58457,30148,5267,217370
273,/content/canadasite/en/immigration-refugees-citizenship/corporate/mandate/policies-operational-instructions-agreements/ministerial-instructions/express-entry-rounds/invitations.html?q=273,French language proficiency (2023-1),French language proficiency,1000,470,2023-12-07,2023-12-07 16:35:25,2023-10-03 04:45:27,2023-12-05,4525,5457,60014,6634,10335,17312,14165,11568,53502,10885,11111,9973,10608,10925,58457,30148,5267,217370
272,/content/canadasite/en/immigration-refugees-citizenship/corporate/mandate/policies-operational-instructions-agreements/ministerial-instructions/express-entry-rounds/invitations.html?q=272,General,General,4750,561,2023-12-06,2023-12-06 16:27:26,2023-11-08 06:00:13,2023-12-05,4525,5457,60014,6634,10335,17312,14165,11568,53502,10885,11111,9973,10608,10925,58457,30148,5267,217370
271,/content/canadasite/en/immigration-refugees-citizenship/corporate/mandate/policies-operational-instructions-agreements/ministerial-instructions/express-entry-rounds/invitations.html?q=271,Healthcare occupations (2023-1),Healthcare occupations,3600,431,2023-10-26,2023-10-26 13:28:39,2023-05-24 19:47:51,2023-10-23,1536,1307,60587,4853,9514,18836,15063,12321,54565,11256,11705,9926,10525,11153,60378,31189,5311,214873
270,/content/canadasite/en/immigration-refugees-citizenship/corporate/mandate/policies-operational-instructions-agreements/ministerial-instructions/express-entry-rounds/invitations.html?q=270,French language proficiency (2023-1),French language proficiency,300,486,2023-10-25,2023-10-25 15:48:39,2023-09-30 04:22:17,2023-10-23,1536,1307,60587,4853,9514,18836,15063,12321,54565,11256,11705,9926,10525,11153,60378,31189,5311,214873
269,/content/canadasite/en/immigration-refugees-citizenship/corporate/mandate/policies-operational-instructions-agreements/ministerial-instructions/express-entry-rounds/invitations.html?q=269,Provincial Nominee Program,Provincial Nominee Program,1548,776,2023-10-24,2023-10-24 14:23:38,2023-07-07 07:28:57,2023-10-23,1536,1307,60587,4853,9514,18836,15063,12321,54565,11256,11705,9926,10525,11153,60378,31189,5311,214873
268,/content/canadasite/en/immigration-refugees-citizenship/corporate/mandate/policies-operational-instructions-agreements/ministerial-instructions/express-entry-rounds/invitations.html?q=268,No Program Specified,General,3725,500,2023-10-10,2023-10-10 15:49:55,2023-10-02 15:25:30,2023-10-10,1210,2237,59674,4508,9121,18794,15016,12235,54162,11163,11580,9844,10484,11091,60078,30996,5235,213592
267,/content/canadasite/en/immigration-refugees-citizenship/corporate/mandate/policies-operational-instructions-agreements/ministerial-instructions/express-entry-rounds/invitations.html?q=267,Agriculture and agri-food occupations (2023-1),Agriculture and agri-food occupations,600,354,2023-09-28,2023-09-28 16:45:09,2023-06-12 10:23:21,2023-09-26,544,2923,58645,3727,8544,19143,15048,12183,54225,11205,11590,9810,10478,11142,60843,31532,5288,214000
266,/content/canadasite/en/immigration-refugees-citizenship/corporate/mandate/policies-operational-instructions-agreements/ministerial-instructions/express-entry-rounds/invitations.html?q=266,French language proficiency (2023-1),French language proficiency,500,472,2023-09-27,2023-09-27 14:17:04,2023-08-16 09:00:14,2023-09-26,544,2923,58645,3727,8544,19143,15048,12183,54225,11205,11590,9810,10478,11142,60843,31532,5288,214000
265,/content/canadasite/en/immigration-refugees-citizenship/corporate/mandate/policies-operational-instructions-agreements/ministerial-instructions/express-entry-rounds/invitations.html?q=265,No Program Specified,General,3000,504,2023-09-26,2023-09-26 13:38:55,2023-09-11 20:24:18,2023-09-26,544,2923,58645,3727,8544,19143,15048,12183,54225,11205,11590,9810,10478,11142,60843,31532,5288,214000
264,/content/canadasite/en/immigration-refugees-citizenship/corporate/mandate/policies-operational-instructions-agreements/ministerial-instructions/express-entry-rounds/invitations.html?q=264,Transport occupations (2023-1),Transport occupations,1000,435,2023-09-20,2023-09-20 14:04:14,2023-06-17 06:44:01,2023-09-19,2637,3091,58838,3596,8510,19326,15170,12236,54240,11331,11601,9813,10414,11081,60575,31418,5236,216035
263,/content/canadasite/en/immigration-refugees-citizenship/corporate/mandate/policies-operational-instructions-agreements/ministerial-instructions/express-entry-rounds/invitations.html?q=263,No Program Specified,General,3200,531,2023-09-19,2023-09-19 15:04:11,2023-09-12 12:16:31,2023-09-19,2637,3091,58838,3596,8510,19326,15170,12236,54240,11331,11601,9813,10414,11081,60575,31418,5236,216035
262,/content/canadasite/en/immigration-refugees-citizenship/corporate/mandate/policies-operational-instructions-agreements/ministerial-instructions/express-entry-rounds/invitations.html?q=262,No Program Specified,General,4300,496,2023-08-15,2023-08-15 14:23:51,2023-08-01 12:59:52,2023-08-15,984,2172,55924,2709,6721,19351,14976,12167,53709,11184,11596,9573,10282,11074,61289,31980,5298,211356
261,/content/canadasite/en/immigration-refugees-citizenship/corporate/mandate/policies-operational-instructions-agreements/ministerial-instructions/express-entry-rounds/invitations.html?q=261,Trade occupations (2023-1),Trade occupations,1500,388,2023-08-03,2023-08-03 13:24:52,2023-06-07 07:03:08,2023-08-01,1308,2019,55295,2286,6236,19398,15100,12275,54173,11293,11721,9618,10369,11172,61438,32077,5219,211529
260,/content/canadasite/en/immigration-refugees-citizenship/corporate/mandate/policies-operational-instructions-agreements/ministerial-instructions/express-entry-rounds/invitations.html?q=260,French language proficiency (2023-1),French language proficiency,800,435,2023-08-02,2023-08-02 13:50:04,2023-07-31 09:57:30,2023-08-01,1308,2019,55295,2286,6236,19398,15100,12275,54173,11293,11721,9618,10369,11172,61438,32077,5219,211529
259,/content/canadasite/en/immigration-refugees-citizenship/corporate/mandate/policies-operational-instructions-agreements/ministerial-instructions/express-entry-rounds/invitations.html?q=259,No Program Specified,General,2000,517,2023-08-01,2023-08-01 13:25:02,2023-06-30 11:45:05,2023-08-01,1308,2019,55295,2286,6236,19398,15100,12275,54173,11293,11721,9618,10369,11172,61438,32077,5219,211529
258,/content/canadasite/en/immigration-refugees-citizenship/corporate/mandate/policies-operational-instructions-agreements/ministerial-instructions/express-entry-rounds/invitations.html?q=258,French language proficiency (2023-1),French language proficiency,3800,375,2023-07-12,2023-07-12 13:36:01,2023-06-15 23:49:05,2023-07-11,276,619,51689,834,4686,19234,14827,12108,55570,11164,12162,9896,10775,11573,63039,32771,5299,209263
257,/content/canadasite/en/immigration-refugees-citizenship/corporate/mandate/policies-operational-instructions-agreements/ministerial-instructions/express-entry-rounds/invitations.html?q=257,No Program Specified,General,800,505,2023-07-11,2023-07-11 17:53:49,2022-10-01 06:13:05,2023-07-11,276,619,51689,834,4686,19234,14827,12108,55570,11164,12162,9896,10775,11573,63039,32771,5299,209263
256,/content/canadasite/en/immigration-refugees-citizenship/corporate/mandate/policies-operational-instructions-agreements/ministerial-instructions/express-entry-rounds/invitations.html?q=256,French language proficiency (2023-1),French language proficiency,2300,439,2023-07-07,2023-07-07 13:11:16,2023-01-20 17:18:32,2023-07-04,353,726,54732,831,4719,20475,16023,12684,56673,11740,12309,10008,10873,11743,63679,33051,5315,214529
255,/content/canadasite/en/immigration-refugees-citizenship/corporate/mandate/policies-operational-instructions-agreements/ministerial-instructions/express-entry-rounds/invitations.html?q=255,Healthcare occupations (2023-1),Healthcare occupations,1500,463,2023-07-06,2023-07-06 14:25:05,2023-06-19 06:41:05,2023-07-04,353,726,54732,831,4719,20475,16023,12684,56673,11740,12309,10008,10873,11743,63679,33051,5315,214529
254,/content/canadasite/en/immigration-refugees-citizenship/corporate/mandate/policies-operational-instructions-agreements/ministerial-instructions/express-entry-rounds/invitations.html?q=254,STEM occupations (2023-1),STEM occupations,500,486,2023-07-05,2023-07-05 13:38:22,2022-11-23 00:01:29,2023-07-04,353,726,54732,831,4719,20475,16023,12684,56673,11740,12309,10008,10873,11743,63679,33051,5315,214529
253,/content/canadasite/en/immigration-refugees-citizenship/corporate/mandate/policies-operational-instructions-agreements/ministerial-instructions/express-entry-rounds/invitations.html?q=253,No Program Specified,General,700,511,2023-07-04,2023-07-04 14:23:38,2023-07-01 09:31:32,2023-07-04,353,726,54732,831,4719,20475,16023,12684,56673,11740,12309,10008,10873,11743,63679,33051,5315,214529
252,/content/canadasite/en/immigration-refugees-citizenship/corporate/mandate/policies-operational-instructions-agreements/ministerial-instructions/express-entry-rounds/invitations.html?q=252,Healthcare occupations (2023-1),Healthcare occupations,500,476,2023-06-28,2023-06-28 14:04:34,2022-11-12 12:47:27,2023-06-28,1254,1258,55991,1040,4856,20980,16226,12889,57269,11893,12404,10077,10978,11917,64936,33866,5429,220003
251,/content/canadasite/en/immigration-refugees-citizenship/corporate/mandate/policies-operational-instructions-agreements/ministerial-instructions/express-entry-rounds/invitations.html?q=251,No Program Specified,General,4300,486,2023-06-27,2023-06-27 15:37:46,2023-06-21 00:57:04,2023-06-27,1254,1258,55991,1040,4856,20980,16226,12889,57269,11893,12404,10077,10978,11917,64936,33866,5429,220003
250,/content/canadasite/en/immigration-refugees-citizenship/corporate/mandate/policies-operational-instructions-agreements/ministerial-instructions/express-entry-rounds/invitations.html?q=250,No Program Specified,General,4800,486,2023-06-08,2023-06-08 12:08:58,2023-05-19 14:04:00,2023-06-08,768,1092,56653,1096,4925,21083,16472,13077,58274,12082,12585,10371,11202,12034,65791,34208,5380,222166
249,/content/canadasite/en/immigration-refugees-citizenship/corporate/mandate/policies-operational-instructions-agreements/ministerial-instructions/express-entry-rounds/invitations.html?q=249,No Program Specified,General,4800,488,2023-05-24,2023-05-24 14:23:06,2022-12-26 01:12:48,2023-05-24,642,1896,57405,1814,4225,21351,16753,13262,59015,12257,12803,10397,11400,12158,67331,35098,5455,226842
248,/content/canadasite/en/immigration-refugees-citizenship/corporate/mandate/policies-operational-instructions-agreements/ministerial-instructions/express-entry-rounds/invitations.html?q=248,Provincial Nominee Program,Provincial Nominee Program,589,691,2023-05-10,2023-05-10 14:06:47,2023-03-08 16:42:17,2023-05-10,535,992,55439,1094,3050,21189,16740,13366,59827,12443,12921,10578,11527,12358,67883,35242,5470,225388
247,/en/immigration-refugees-citizenship/corporate/mandate/policies-operational-instructions-agreements/ministerial-instructions/express-entry-rounds/invitations.html?q=247,No Program Specified,General,3500,483,2023-04-26,2023-04-26 18:10:04,2023-04-22 19:46:58,2023-04-26,604,884,55867,680,3001,21544,17111,13351,61108,12691,13187,10674,11846,12710,69709,36432,5585,230189
246,/content/canadasite/en/immigration-refugees-citizenship/corporate/mandate/policies-operational-instructions-agreements/ministerial-instructions/express-entry-rounds/invitations.html?q=246,No Program Specified,General,3500,486,2023-04-12,2023-04-12 14:12:15,2022-07-19 11:05:24,2023-04-12,501,1180,56092,1284,2871,21344,17139,13454,61379,12772,13228,10766,11864,12749,69975,36419,5573,231119
245,/content/canadasite/en/immigration-refugees-citizenship/corporate/mandate/policies-operational-instructions-agreements/ministerial-instructions/express-entry-rounds/invitations.html?q=245,No Program Specified,General,7000,481,2023-03-29,2023-03-29 13:44:01,2023-02-14 07:35:00,2023-03-29,261,468,58698,374,6859,21051,16996,13418,61381,12752,13291,10709,11917,12712,71304,37124,5711,234947
244,/content/canadasite/en/immigration-refugees-citizenship/corporate/mandate/policies-operational-instructions-agreements/ministerial-instructions/express-entry-rounds/invitations.html?q=244,No Program Specified,General,7000,484,2023-03-23,2023-03-23 12:27:59,2022-05-19 06:48:41,2023-03-22,310,534,63666,444,12001,20955,16863,13403,61323,12720,13300,10696,11925,12682,71424,37208,5681,240146
243,/content/canadasite/en/immigration-refugees-citizenship/corporate/mandate/policies-operational-instructions-agreements/ministerial-instructions/express-entry-rounds/invitations.html?q=243,No Program Specified,General,7000,490,2023-03-15,2023-03-15 17:08:16,2023-02-16 10:33:06,2023-03-15,784,3216,65826,2603,12183,20833,16836,13371,61240,12672,13334,10697,11833,12704,71292,37113,5650,245121
242,/content/canadasite/en/immigration-refugees-citizenship/corporate/mandate/policies-operational-instructions-agreements/ministerial-instructions/express-entry-rounds/invitations.html?q=242,Provincial Nominee Program,Provincial Nominee Program,667,748,2023-03-01,2023-03-01 17:24:39,2022-12-12 10:48:12,2023-03-01,606,2129,65187,1756,12126,20813,17042,13450,61086,12679,13300,10680,11785,12642,71529,37131,5706,243374
241,/content/canadasite/en/immigration-refugees-citizenship/corporate/mandate/policies-operational-instructions-agreements/ministerial-instructions/express-entry-rounds/invitations.html?q=241,Provincial Nominee Program,Provincial Nominee Program,699,791,2023-02-15,2023-02-15 16:13:27,2023-02-08 18:09:01,2023-02-15,725,1415,64315,1226,11895,20701,17058,13435,60559,12610,13230,10529,11680,12510,70932,36722,5596,240264
240,/content/canadasite/en/immigration-refugees-citizenship/corporate/mandate/policies-operational-instructions-agreements/ministerial-instructions/express-entry-rounds/invitations.html?q=240,Federal Skilled Worker,Federal Skilled Worker,3300,489,2023-02-02,2023-02-02 15:12:01,2022-03-29 16:09:00,2023-02-01,937,1553,64382,1353,12360,20467,16991,13211,59921,12481,13086,10289,11548,12517,70484,36636,5502,239415
239,/content/canadasite/en/immigration-refugees-citizenship/corporate/mandate/policies-operational-instructions-agreements/ministerial-instructions/express-entry-rounds/invitations.html?q=239,Provincial Nominee Program,Provincial Nominee Program,893,733,2023-02-01,2023-02-01 16:05:57,2022-12-09 10:49:57,2023-02-01,937,1553,64382,1353,12360,20467,16991,13211,59921,12481,13086,10289,11548,12517,70484,36636,5502,239415
238,/content/canadasite/en/immigration-refugees-citizenship/corporate/mandate/policies-operational-instructions-agreements/ministerial-instructions/express-entry-rounds/invitations.html?q=238,No Program Specified,General,5500,490,2023-01-18,2023-01-18 16:13:57,2022-11-24 21:14:59,2023-01-18,614,1918,65296,3384,11848,20106,16854,13104,59491,12416,13010,10159,11444,12462,70421,36754,5519,240013
237,/content/canadasite/en/immigration-refugees-citizenship/corporate/mandate/policies-operational-instructions-agreements/ministerial-instructions/express-entry-rounds/invitations.html?q=237,No Program Specified,General,5500,507,2023-01-11,2023-01-11 16:14:19,2022-12-06 11:00:07,2023-01-11,2995,3897,64866,3141,11783,20030,16802,13110,59277,12354,12928,10152,11394,12449,70204,36547,5469,243255
236,/en/immigration-refugees-citizenship/corporate/mandate/policies-operational-instructions-agreements/ministerial-instructions/express-entry-rounds/invitations.html?q=236,No Program Specified,General,4750,491,2022-11-23,2022-11-23 15:42:46,2022-10-13 11:22:17,2022-11-22,876,1227,62400,3031,10517,19494,16523,12835,58357,12228,12823,9896,11209,12201,68489,35614,5252,232215
235,/en/immigration-refugees-citizenship/corporate/mandate/policies-operational-instructions-agreements/ministerial-instructions/express-entry-rounds/invitations.html?q=235,No Program Specified,General,4750,494,2022-11-09,2022-11-09 14:21:26,2022-06-06 20:48:23,2022-11-07,958,1206,63525,4366,10270,19388,16633,12868,58522,12320,12856,9871,11194,12281,68711,35610,5087,233619
234,/en/immigration-refugees-citizenship/corporate/mandate/policies-operational-instructions-agreements/ministerial-instructions/express-entry-rounds/invitations.html?q=234,No Program Specified,General,4750,496,2022-10-26,2022-10-26 13:05:36,2022-05-09 09:04:20,2022-10-24,762,937,64829,6226,9956,19241,16539,12867,58249,12268,12775,9789,11223,12194,69192,35904,5108,234981
233,/en/immigration-refugees-citizenship/corporate/mandate/policies-operational-instructions-agreements/ministerial-instructions/express-entry-rounds/invitations.html?q=233,No Program Specified,General,4250,500,2022-10-12,2022-10-12 14:13:11,2022-10-10 17:10:53,2022-10-10,601,2785,64536,6384,9784,19163,16396,12809,57962,12236,12629,9777,11204,12116,68680,35501,5055,235120
232,/en/immigration-refugees-citizenship/corporate/mandate/policies-operational-instructions-agreements/ministerial-instructions/express-entry-rounds/invitations.html?q=232,No Program Specified,General,3750,504,2022-09-28,2022-09-28 13:52:35,2022-05-02 17:17:32,2022-09-26,479,4411,64097,5985,9572,19151,16562,12827,58143,12259,12673,9802,11209,12200,69175,36006,5112,237423
231,/en/immigration-refugees-citizenship/corporate/mandate/policies-operational-instructions-agreements/ministerial-instructions/express-entry-rounds/invitations.html?q=231,No Program Specified,General,3250,510,2022-09-14,2022-09-14 13:29:26,2022-01-08 10:24:52,2022-09-12,408,6228,63860,5845,9505,19156,16541,12813,58019,12245,12635,9767,11186,12186,68857,35833,5068,238273
230,/en/immigration-refugees-citizenship/corporate/mandate/policies-operational-instructions-agreements/ministerial-instructions/express-entry-rounds/invitations.html?q=230,No Program Specified,General,2750,516,2022-08-31,2022-08-31 13:55:23,2022-04-16 18:24:41,2022-08-29,466,7224,63270,5554,9242,19033,16476,12965,58141,12287,12758,9796,11105,12195,68974,36001,5120,239196
229,/en/immigration-refugees-citizenship/corporate/mandate/policies-operational-instructions-agreements/ministerial-instructions/express-entry-rounds/invitations.html?q=229,No Program Specified,General,2250,525,2022-08-17,2022-08-17 13:43:47,2021-12-28 11:03:15,2022-08-15,538,8221,62753,5435,9129,18831,16465,12893,58113,12200,12721,9801,11138,12253,68440,35745,5137,238947
228,/en/immigration-refugees-citizenship/corporate/mandate/policies-operational-instructions-agreements/ministerial-instructions/express-entry-rounds/invitations.html?q=228,No Program Specified,General,2000,533,2022-08-03,2022-08-03 15:16:24,2022-01-06 14:29:50,2022-08-02,640,8975,62330,5343,9044,18747,16413,12783,57987,12101,12705,9747,11117,12317,68325,35522,5145,238924
227,/en/immigration-refugees-citizenship/corporate/mandate/policies-operational-instructions-agreements/ministerial-instructions/express-entry-rounds/invitations.html?q=227,No Program Specified,General,1750,542,2022-07-20,2022-07-20 16:32:49,2021-12-30 15:29:35,2022-07-18,0,0,0,0,0,0,0,0,0,0,0,0,0,0,0,0,0,0
226,/en/immigration-refugees-citizenship/corporate/mandate/policies-operational-instructions-agreements/ministerial-instructions/express-entry-rounds/invitations.html?q=226,No Program Specified,General,1500,557,2022-07-06,2022-07-06 14:34:34,2021-11-13 02:20:46,2022-07-11,0,0,0,0,0,0,0,0,0,0,0,0,0,0,0,0,0,0
225,/en/immigration-refugees-citizenship/corporate/mandate/policies-operational-instructions-agreements/ministerial-instructions/express-entry-rounds/invitations.html?q=225,Provincial Nominee Program,Provincial Nominee Program,636,752,2022-06-22,2022-06-22 14:13:57,2022-04-19 13:45:45,2022-06-20,664,8017,55917,4246,7845,16969,15123,11734,53094,10951,11621,8800,10325,11397,64478,33585,4919,220674
224,/en/immigration-refugees-citizenship/corporate/mandate/policies-operational-instructions-agreements/ministerial-instructions/express-entry-rounds/invitations.html?q=224,Provincial Nominee Program,Provincial Nominee Program,932,796,2022-06-08,2022-06-08 14:03:28,2021-10-18 17:13:17,2022-06-06,0,0,0,0,0,0,0,0,0,0,0,0,0,0,0,0,0,0
223,/en/immigration-refugees-citizenship/corporate/mandate/policies-operational-instructions-agreements/ministerial-instructions/express-entry-rounds/invitations.html?q=223,Provincial Nominee Program,Provincial Nominee Program,590,741,2022-05-25,2022-05-25 13:21:23,2022-02-02 12:29:53,2022-05-23,0,0,0,0,0,0,0,0,0,0,0,0,0,0,0,0,0,0
222,/en/immigration-refugees-citizenship/corporate/mandate/policies-operational-instructions-agreements/ministerial-instructions/express-entry-rounds/invitations.html?q=222,Provincial Nominee Program,Provincial Nominee Program,545,753,2022-05-11,2022-05-11 14:08:07,2021-12-15 20:32:57,2022-05-09,635,7193,52684,3749,7237,16027,14466,11205,50811,10484,11030,8393,9945,10959,62341,32590,4839,211093
221,/en/immigration-refugees-citizenship/corporate/mandate/policies-operational-instructions-agreements/ministerial-instructions/express-entry-rounds/invitations.html?q=221,Provincial Nominee Program,Provincial Nominee Program,829,772,2022-04-27,2022-04-27 16:04:21,2022-03-24 08:00:50,2022-04-27,747,6577,50330,3498,6826,15382,13851,10773,49092,10117,10685,8012,9615,10663,60456,31705,4866,203773
220,/en/immigration-refugees-citizenship/corporate/mandate/policies-operational-instructions-agreements/ministerial-instructions/express-entry-rounds/invitations.html?q=220,Provincial Nominee Program,Provincial Nominee Program,787,782,2022-04-13,2022-04-13 14:13:01,2022-04-07 16:31:21,2022-04-11,810,6391,49555,3406,6677,15298,13584,10590,48609,10034,10576,7877,9555,10567,59500,31148,4911,200924
219,/en/immigration-refugees-citizenship/corporate/mandate/policies-operational-instructions-agreements/ministerial-instructions/express-entry-rounds/invitations.html?q=219,Provincial Nominee Program,Provincial Nominee Program,919,785,2022-03-30,2022-03-30 15:41:09,2021-11-15 20:23:16,2022-03-28,810,6391,49555,3406,6677,15298,13584,10590,48609,10034,10576,7877,9555,10567,59500,31148,4911,200924
218,/en/immigration-refugees-citizenship/corporate/mandate/policies-operational-instructions-agreements/ministerial-instructions/express-entry-rounds/invitations.html?q=218,Provincial Nominee Program,Provincial Nominee Program,924,754,2022-03-16,2022-03-16 14:59:09,2022-02-10 14:35:27,2022-03-14,948,5840,48027,3130,6357,14853,13333,10354,47569,9796,10293,7701,9319,10460,58456,30768,5084,196692
217,/en/immigration-refugees-citizenship/corporate/mandate/policies-operational-instructions-agreements/ministerial-instructions/express-entry-rounds/invitations.html?q=217,Provincial Nominee Program,Provincial Nominee Program,1047,761,2022-03-02,2022-03-02 14:05:52,2022-01-05 14:22:03,2022-02-28,873,5563,47599,2989,6310,14759,13218,10323,47276,9736,10207,7633,9240,10460,58253,31018,5313,195895
216,/en/immigration-refugees-citizenship/corporate/mandate/policies-operational-instructions-agreements/ministerial-instructions/express-entry-rounds/invitations.html?q=216,Provincial Nominee Program,Provincial Nominee Program,1082,710,2022-02-16,2022-02-16 14:36:05,2021-10-07 11:36:55,2022-02-15,1099,5440,47721,2921,6289,14775,13273,10463,47509,9715,10229,7675,9292,10598,59011,31545,5736,198061
215,/en/immigration-refugees-citizenship/corporate/mandate/policies-operational-instructions-agreements/ministerial-instructions/express-entry-rounds/invitations.html?q=215,Provincial Nominee Program,Provincial Nominee Program,1070,674,2022-02-02,2022-02-02 14:16:27,2021-02-18 05:05:15,2022-01-31,983,5201,47441,2811,6205,14847,13132,10446,47428,9753,10165,7697,9199,10614,59039,31734,5834,197660
214,/en/immigration-refugees-citizenship/corporate/mandate/policies-operational-instructions-agreements/ministerial-instructions/express-entry-rounds/invitations.html?q=214,Provincial Nominee Program,Provincial Nominee Program,1036,745,2022-01-19,2022-01-19 14:39:22,2021-07-05 13:12:05,2022-01-17,899,5106,47202,2738,6192,14828,13010,10434,47283,9650,10225,7687,9139,10582,58692,31704,5799,196685
213,/en/immigration-refugees-citizenship/corporate/mandate/policies-operational-instructions-agreements/ministerial-instructions/express-entry-rounds/invitations.html?q=213,Provincial Nominee Program,Provincial Nominee Program,392,808,2022-01-05,2022-01-05 15:50:48,2021-03-04 16:57:50,2022-01-05,0,0,0,0,0,0,0,0,0,0,0,0,0,0,0,0,0,0
212,/en/immigration-refugees-citizenship/corporate/mandate/policies-operational-instructions-agreements/ministerial-instructions/express-entry-rounds/invitations.html?q=212,Provincial Nominee Program,Provincial Nominee Program,746,720,2021-12-22,2021-12-22 16:27:24,2021-11-24 16:56:42,2021-12-22,0,0,0,0,0,0,0,0,0,0,0,0,0,0,0,0,0,0
211,/en/immigration-refugees-citizenship/corporate/mandate/policies-operational-instructions-agreements/ministerial-instructions/express-entry-rounds/invitations.html?q=211,Provincial Nominee Program,Provincial Nominee Program,1032,698,2021-12-10,2021-12-10 13:53:48,2021-09-10 16:43:17,2021-12-10,0,0,0,0,0,0,0,0,0,0,0,0,0,0,0,0,0,0
210,/en/immigration-refugees-citizenship/corporate/mandate/policies-operational-instructions-agreements/ministerial-instructions/express-entry-rounds/invitations.html?q=210,Provincial Nominee Program,Provincial Nominee Program,613,737,2021-11-24,2021-11-24 14:01:44,2021-06-22 20:19:59,2021-11-24,0,0,0,0,0,0,0,0,0,0,0,0,0,0,0,0,0,0
209,/en/immigration-refugees-citizenship/corporate/mandate/policies-operational-instructions-agreements/ministerial-instructions/express-entry-rounds/invitations.html?q=209,Provincial Nominee Program,Provincial Nominee Program,775,685,2021-11-10,2021-11-10 17:02:21,2021-08-12 20:05:46,2021-11-10,0,0,0,0,0,0,0,0,0,0,0,0,0,0,0,0,0,0
208,/en/immigration-refugees-citizenship/corporate/mandate/policies-operational-instructions-agreements/ministerial-instructions/express-entry-rounds/invitations.html?q=208,Provincial Nominee Program,Provincial Nominee Program,681,744,2021-10-27,2021-10-27 13:32:26,2021-10-07 16:38:21,2021-10-27,0,0,0,0,0,0,0,0,0,0,0,0,0,0,0,0,0,0
207,/en/immigration-refugees-citizenship/corporate/mandate/policies-operational-instructions-agreements/ministerial-instructions/express-entry-rounds/invitations.html?q=207,Provincial Nominee Program,Provincial Nominee Program,681,720,2021-10-13,2021-10-13 13:13:38,2021-03-16 07:53:28,2021-10-13,0,0,0,0,0,0,0,0,0,0,0,0,0,0,0,0,0,0
206,/en/immigration-refugees-citizenship/corporate/mandate/policies-operational-instructions-agreements/ministerial-instructions/express-entry-rounds/invitations.html?q=206,Provincial Nominee Program,Provincial Nominee Program,761,742,2021-09-29,2021-09-29 13:17:49,2021-07-29 09:45:29,2021-09-29,0,0,0,0,0,0,0,0,0,0,0,0,0,0,0,0,0,0
205,/en/immigration-refugees-citizenship/corporate/mandate/policies-operational-instructions-agreements/ministerial-instructions/express-entry-rounds/invitations.html?q=205,Provincial Nominee Program,Provincial Nominee Program,521,732,2021-09-15,2021-09-15 14:59:17,2021-02-24 10:46:54,2021-09-15,0,0,0,0,0,0,0,0,0,0,0,0,0,0,0,0,0,0
204,/en/immigration-refugees-citizenship/corporate/mandate/policies-operational-instructions-agreements/ministerial-instructions/express-entry-rounds/invitations.html?q=204,Canadian Experience Class,Canadian Experience Class,2000,462,2021-09-14,2021-09-14 13:06:02,2021-09-11 10:55:43,2021-09-14,0,0,0,0,0,0,0,0,0,0,0,0,0,0,0,0,0,0
203,/en/immigration-refugees-citizenship/corporate/mandate/policies-operational-instructions-agreements/ministerial-instructions/express-entry-rounds/invitations.html?q=203,Provincial Nominee Program,Provincial Nominee Program,635,764,2021-09-01,2021-09-01 13:34:47,2021-04-12 12:21:45,2021-09-01,0,0,0,0,0,0,0,0,0,0,0,0,0,0,0,0,0,0
202,/en/immigration-refugees-citizenship/corporate/mandate/policies-operational-instructions-agreements/ministerial-instructions/express-entry-rounds/invitations.html?q=202,Canadian Experience Class,Canadian Experience Class,3000,403,2021-08-19,2021-08-19 13:25:22,2021-08-01 10:13:57,2021-08-19,0,0,0,0,0,0,0,0,0,0,0,0,0,0,0,0,0,0
201,/en/immigration-refugees-citizenship/corporate/mandate/policies-operational-instructions-agreements/ministerial-instructions/express-entry-rounds/invitations.html?q=201,Provincial Nominee Program,Provincial Nominee Program,463,751,2021-08-18,2021-08-18 14:10:39,2021-04-13 16:29:29,2021-08-18,0,0,0,0,0,0,0,0,0,0,0,0,0,0,0,0,0,0
200,/en/immigration-refugees-citizenship/corporate/mandate/policies-operational-instructions-agreements/ministerial-instructions/express-entry-rounds/invitations.html?q=200,Canadian Experience Class,Canadian Experience Class,3000,404,2021-08-05,2021-08-05 13:11:37,2021-08-03 05:39:26,2021-08-05,0,0,0,0,0,0,0,0,0,0,0,0,0,0,0,0,0,0
199,/en/immigration-refugees-citizenship/corporate/mandate/policies-operational-instructions-agreements/ministerial-instructions/express-entry-rounds/invitations.html?q=199,Provincial Nominee Program,Provincial Nominee Program,512,760,2021-08-04,2021-08-04 13:33:36,2021-03-05 22:38:31,2021-08-04,0,0,0,0,0,0,0,0,0,0,0,0,0,0,0,0,0,0
198,/en/immigration-refugees-citizenship/corporate/mandate/policies-operational-instructions-agreements/ministerial-instructions/express-entry-rounds/invitations.html?q=198,Canadian Experience Class,Canadian Experience Class,4500,357,2021-07-22,2021-07-22 14:02:32,2021-02-14 09:04:15,2021-07-22,0,0,0,0,0,0,0,0,0,0,0,0,0,0,0,0,0,0
197,/en/immigration-refugees-citizenship/corporate/mandate/policies-operational-instructions-agreements/ministerial-instructions/express-entry-rounds/invitations.html?q=197,Provincial Nominee Program,Provincial Nominee Program,462,734,2021-07-21,2021-07-21 13:01:45,2021-04-11 10:56:32,2021-07-21,0,0,0,0,0,0,0,0,0,0,0,0,0,0,0,0,0,0
196,/en/immigration-refugees-citizenship/corporate/mandate/policies-operational-instructions-agreements/ministerial-instructions/express-entry-rounds/invitations.html?q=196,Canadian Experience Class,Canadian Experience Class,4500,369,2021-07-08,2021-07-08 14:02:45,2021-06-10 22:46:37,2021-07-08,0,0,0,0,0,0,0,0,0,0,0,0,0,0,0,0,0,0
195,/en/immigration-refugees-citizenship/corporate/mandate/policies-operational-instructions-agreements/ministerial-instructions/express-entry-rounds/invitations.html?q=195,Provincial Nominee Program,Provincial Nominee Program,627,760,2021-07-07,2021-07-07 13:17:37,2021-06-14 07:44:05,2021-07-07,0,0,0,0,0,0,0,0,0,0,0,0,0,0,0,0,0,0
194,/en/immigration-refugees-citizenship/corporate/mandate/policies-operational-instructions-agreements/ministerial-instructions/express-entry-rounds/invitations.html?q=194,Canadian Experience Class,Canadian Experience Class,6000,357,2021-06-24,2021-06-24 14:39:59,2021-02-17 10:15:50,2021-06-24,0,0,0,0,0,0,0,0,0,0,0,0,0,0,0,0,0,0
193,/en/immigration-refugees-citizenship/corporate/mandate/policies-operational-instructions-agreements/ministerial-instructions/express-entry-rounds/invitations.html?q=193,Provincial Nominee Program,Provincial Nominee Program,1002,742,2021-06-23,2021-06-23 15:41:38,2021-02-18 04:04:56,2021-06-23,0,0,0,0,0,0,0,0,0,0,0,0,0,0,0,0,0,0
192,/en/immigration-refugees-citizenship/corporate/mandate/policies-operational-instructions-agreements/ministerial-instructions/express-entry-rounds/invitations.html?q=192,Canadian Experience Class,Canadian Experience Class,6000,368,2021-06-10,2021-06-10 12:29:11,2021-04-28 05:45:14,2021-06-10,0,0,0,0,0,0,0,0,0,0,0,0,0,0,0,0,0,0
191,/en/immigration-refugees-citizenship/corporate/mandate/policies-operational-instructions-agreements/ministerial-instructions/express-entry-rounds/invitations.html?q=191,Provincial Nominee Program,Provincial Nominee Program,940,711,2021-06-09,2021-06-09 13:16:30,2021-02-16 09:06:30,2021-06-09,0,0,0,0,0,0,0,0,0,0,0,0,0,0,0,0,0,0
190,/en/immigration-refugees-citizenship/corporate/mandate/policies-operational-instructions-agreements/ministerial-instructions/express-entry-rounds/invitations.html?q=190,Canadian Experience Class,Canadian Experience Class,5956,380,2021-05-31,2021-05-31 13:19:23,2021-05-28 14:45:22,2021-05-31,0,0,0,0,0,0,0,0,0,0,0,0,0,0,0,0,0,0
189,/en/immigration-refugees-citizenship/corporate/mandate/policies-operational-instructions-agreements/ministerial-instructions/express-entry-rounds/invitations.html?q=189,Provincial Nominee Program,Provincial Nominee Program,500,713,2021-05-26,2021-05-26 10:41:44,2021-04-06 09:50:14,2021-05-26,0,0,0,0,0,0,0,0,0,0,0,0,0,0,0,0,0,0
188,/en/immigration-refugees-citizenship/corporate/mandate/policies-operational-instructions-agreements/ministerial-instructions/express-entry-rounds/invitations.html?q=188,Canadian Experience Class,Canadian Experience Class,1842,397,2021-05-20,2021-05-20 10:10:54,2021-04-24 12:09:24,2021-05-20,0,0,0,0,0,0,0,0,0,0,0,0,0,0,0,0,0,0
187,/en/immigration-refugees-citizenship/corporate/mandate/policies-operational-instructions-agreements/ministerial-instructions/express-entry-rounds/invitations.html?q=187,Canadian Experience Class,Canadian Experience Class,4147,401,2021-05-13,2021-05-13 16:50:04,2021-04-29 11:48:14,2021-05-13,0,0,0,0,0,0,0,0,0,0,0,0,0,0,0,0,0,0
186,/en/immigration-refugees-citizenship/corporate/mandate/policies-operational-instructions-agreements/ministerial-instructions/express-entry-rounds/invitations.html?q=186,Provincial Nominee Program,Provincial Nominee Program,557,752,2021-05-12,2021-05-12 10:28:53,2021-04-29 10:18:12,2021-05-12,0,0,0,0,0,0,0,0,0,0,0,0,0,0,0,0,0,0
185,/en/immigration-refugees-citizenship/corporate/mandate/policies-operational-instructions-agreements/ministerial-instructions/express-entry-rounds/invitations.html?q=185,Canadian Experience Class,Canadian Experience Class,6000,400,2021-04-29,2021-04-29 10:34:05,2021-04-24 15:24:49,2021-04-29,0,0,0,0,0,0,0,0,0,0,0,0,0,0,0,0,0,0
184,/en/immigration-refugees-citizenship/corporate/mandate/policies-operational-instructions-agreements/ministerial-instructions/express-entry-rounds/invitations.html?q=184,Provincial Nominee Program,Provincial Nominee Program,381,717,2021-04-28,2021-04-28 11:00:02,2021-03-16 21:20:50,2021-04-28,0,0,0,0,0,0,0,0,0,0,0,0,0,0,0,0,0,0
183,/en/immigration-refugees-citizenship/corporate/mandate/policies-operational-instructions-agreements/ministerial-instructions/express-entry-rounds/invitations.html?q=183,Canadian Experience Class,Canadian Experience Class,6000,417,2021-04-16,2021-04-16 21:35:52,2021-03-01 19:53:46,2021-04-16,0,0,0,0,0,0,0,0,0,0,0,0,0,0,0,0,0,0
182,/en/immigration-refugees-citizenship/corporate/mandate/policies-operational-instructions-agreements/ministerial-instructions/express-entry-rounds/invitations.html?q=182,Provincial Nominee Program,Provincial Nominee Program,266,753,2021-04-14,2021-04-14 11:01:51,2021-03-01 15:22:18,2021-04-14,0,0,0,0,0,0,0,0,0,0,0,0,0,0,0,0,0,0
181,/en/immigration-refugees-citizenship/corporate/mandate/policies-operational-instructions-agreements/ministerial-instructions/express-entry-rounds/invitations.html?q=181,Canadian Experience Class,Canadian Experience Class,5000,432,2021-04-01,2021-04-01 11:04:53,2021-02-16 09:51:22,2021-04-01,0,0,0,0,0,0,0,0,0,0,0,0,0,0,0,0,0,0
180,/en/immigration-refugees-citizenship/corporate/mandate/policies-operational-instructions-agreements/ministerial-instructions/express-entry-rounds/invitations.html?q=180,Provincial Nominee Program,Provincial Nominee Program,284,778,2021-03-31,2021-03-31 11:21:22,2021-03-16 16:09:32,2021-03-31,0,0,0,0,0,0,0,0,0,0,0,0,0,0,0,0,0,0
179,/en/immigration-refugees-citizenship/corporate/mandate/policies-operational-instructions-agreements/ministerial-instructions/express-entry-rounds/invitations.html?q=179,Canadian Experience Class,Canadian Experience Class,5000,449,2021-03-18,2021-03-18 11:30:56,2021-02-19 15:59:57,2021-03-18,0,0,0,0,0,0,0,0,0,0,0,0,0,0,0,0,0,0
178,/en/immigration-refugees-citizenship/corporate/mandate/policies-operational-instructions-agreements/ministerial-instructions/express-entry-rounds/invitations.html?q=178,Provincial Nominee Program,Provincial Nominee Program,183,682,2021-03-17,2021-03-17 11:49:48,2021-03-04 16:56:20,2021-03-17,0,0,0,0,0,0,0,0,0,0,0,0,0,0,0,0,0,0
177,/en/immigration-refugees-citizenship/corporate/mandate/policies-operational-instructions-agreements/ministerial-instructions/express-entry-rounds/invitations.html?q=177,Provincial Nominee Program,Provincial Nominee Program,671,739,2021-03-08,2021-03-08 13:53:21,2021-02-16 19:10:25,2021-03-08,0,0,0,0,0,0,0,0,0,0,0,0,0,0,0,0,0,0
176,/en/immigration-refugees-citizenship/corporate/mandate/policies-operational-instructions-agreements/ministerial-instructions/express-entry-rounds/invitations.html?q=176,Canadian Experience Class,Canadian Experience Class,27332,75,2021-02-13,2021-02-13 11:56:56,2020-09-12 15:31:40,2021-02-13,0,0,0,0,0,0,0,0,0,0,0,0,0,0,0,0,0,0
175,/en/immigration-refugees-citizenship/corporate/mandate/policies-operational-instructions-agreements/ministerial-instructions/express-entry-rounds/invitations.html?q=175,Provincial Nominee Program,Provincial Nominee Program,654,720,2021-02-10,2021-02-10 14:31:18,2020-08-14 06:51:00,2021-02-10,0,0,0,0,0,0,0,0,0,0,0,0,0,0,0,0,0,0
174,/en/immigration-refugees-citizenship/corporate/mandate/policies-operational-instructions-agreements/ministerial-instructions/express-entry-rounds/invitations.html?q=174,Canadian Experience Class,Canadian Experience Class,4626,454,2021-01-21,2021-01-21 14:22:20,2020-07-23 17:32:00,2021-01-21,0,0,0,0,0,0,0,0,0,0,0,0,0,0,0,0,0,0
173,/en/immigration-refugees-citizenship/corporate/mandate/policies-operational-instructions-agreements/ministerial-instructions/express-entry-rounds/invitations.html?q=173,Provincial Nominee Program,Provincial Nominee Program,374,741,2021-01-20,2021-01-20 14:13:12,2020-09-05 19:39:04,2021-01-20,0,0,0,0,0,0,0,0,0,0,0,0,0,0,0,0,0,0
172,/en/immigration-refugees-citizenship/corporate/mandate/policies-operational-instructions-agreements/ministerial-instructions/express-entry-rounds/invitations.html?q=172,Canadian Experience Class,Canadian Experience Class,4750,461,2021-01-07,2021-01-07 14:15:32,2020-09-12 20:46:32,2021-01-07,0,0,0,0,0,0,0,0,0,0,0,0,0,0,0,0,0,0
171,/en/immigration-refugees-citizenship/corporate/mandate/policies-operational-instructions-agreements/ministerial-instructions/express-entry-rounds/invitations.html?q=171,Provincial Nominee Program,Provincial Nominee Program,250,813,2021-01-06,2021-01-06 14:39:02,2020-11-02 11:11:52,2021-01-06,0,0,0,0,0,0,0,0,0,0,0,0,0,0,0,0,0,0
170,/en/immigration-refugees-citizenship/corporate/mandate/policies-operational-instructions-agreements/ministerial-instructions/express-entry-rounds/invitations.html?q=170,No Program Specified,General,5000,468,2020-12-23,2020-12-23 14:40:08,2020-06-04 13:39:44,2020-12-23,0,0,0,0,0,0,0,0,0,0,0,0,0,0,0,0,0,0
169,/en/immigration-refugees-citizenship/corporate/mandate/policies-operational-instructions-agreements/ministerial-instructions/express-entry-rounds/invitations.html?q=169,No Program Specified,General,5000,469,2020-12-09,2020-12-09 14:30:47,2020-06-04 22:26:05,2020-12-09,0,0,0,0,0,0,0,0,0,0,0,0,0,0,0,0,0,0
168,/en/immigration-refugees-citizenship/corporate/mandate/policies-operational-instructions-agreements/ministerial-instructions/express-entry-rounds/invitations.html?q=168,No Program Specified,General,5000,469,2020-11-25,2020-11-25 13:04:56,2020-10-15 08:50:10,2020-11-25,0,0,0,0,0,0,0,0,0,0,0,0,0,0,0,0,0,0
167,/en/immigration-refugees-citizenship/corporate/mandate/policies-operational-instructions-agreements/ministerial-instructions/express-entry-rounds/invitations.html?q=167,No Program Specified,General,5000,472,2020-11-18,2020-11-18 15:27:32,2020-10-27 06:18:11,2020-11-18,0,0,0,0,0,0,0,0,0,0,0,0,0,0,0,0,0,0
166,/en/immigration-refugees-citizenship/corporate/mandate/policies-operational-instructions-agreements/ministerial-instructions/express-entry-rounds/invitations.html?q=166,No Program Specified,General,4500,478,2020-11-05,2020-11-05 12:17:58,2020-10-26 22:44:19,2020-11-05,0,0,0,0,0,0,0,0,0,0,0,0,0,0,0,0,0,0
165,/en/immigration-refugees-citizenship/corporate/mandate/policies-operational-instructions-agreements/ministerial-instructions/express-entry-rounds/invitations.html?q=165,No Program Specified,General,4500,471,2020-10-14,2020-10-14 13:03:22,2020-09-01 12:11:23,2020-10-14,0,0,0,0,0,0,0,0,0,0,0,0,0,0,0,0,0,0
164,/en/immigration-refugees-citizenship/corporate/mandate/policies-operational-instructions-agreements/ministerial-instructions/express-entry-rounds/invitations.html?q=164,No Program Specified,General,4200,471,2020-09-30,2020-09-30 12:37:25,2020-03-02 12:47:08,2020-09-30,0,0,0,0,0,0,0,0,0,0,0,0,0,0,0,0,0,0
163,/en/immigration-refugees-citizenship/corporate/mandate/policies-operational-instructions-agreements/ministerial-instructions/express-entry-rounds/invitations.html?q=163,No Program Specified,General,4200,472,2020-09-16,2020-09-16 07:25:09,2020-03-09 13:03:40,2020-09-16,0,0,0,0,0,0,0,0,0,0,0,0,0,0,0,0,0,0
162,/en/immigration-refugees-citizenship/corporate/mandate/policies-operational-instructions-agreements/ministerial-instructions/express-entry-rounds/invitations.html?q=162,No Program Specified,General,4200,475,2020-09-02,2020-09-02 14:17:32,2020-08-16 01:22:18,2020-09-02,0,0,0,0,0,0,0,0,0,0,0,0,0,0,0,0,0,0
161,/en/immigration-refugees-citizenship/corporate/mandate/policies-operational-instructions-agreements/ministerial-instructions/express-entry-rounds/invitations.html?q=161,Canadian Experience Class,Canadian Experience Class,3300,454,2020-08-20,2020-08-20 11:10:05,2020-07-27 17:05:11,2020-08-20,0,0,0,0,0,0,0,0,0,0,0,0,0,0,0,0,0,0
160,/en/immigration-refugees-citizenship/corporate/mandate/policies-operational-instructions-agreements/ministerial-instructions/express-entry-rounds/invitations.html?q=160,Provincial Nominee Program,Provincial Nominee Program,600,771,2020-08-19,2020-08-19 12:41:09,2020-07-24 11:39:23,2020-08-19,0,0,0,0,0,0,0,0,0,0,0,0,0,0,0,0,0,0
159,/en/immigration-refugees-citizenship/corporate/mandate/policies-operational-instructions-agreements/ministerial-instructions/express-entry-rounds/invitations.html?q=159,Federal Skilled Trades,Federal Skilled Trades,250,415,2020-08-06,2020-08-06 13:46:53,2020-06-02 09:35:31,2020-08-06,0,0,0,0,0,0,0,0,0,0,0,0,0,0,0,0,0,0
158,/en/immigration-refugees-citizenship/corporate/mandate/policies-operational-instructions-agreements/ministerial-instructions/express-entry-rounds/invitations.html?q=158,No Program Specified,General,3900,476,2020-08-05,2020-08-05 13:10:05,2020-07-27 01:02:47,2020-08-05,0,0,0,0,0,0,0,0,0,0,0,0,0,0,0,0,0,0
157,/en/immigration-refugees-citizenship/corporate/mandate/policies-operational-instructions-agreements/ministerial-instructions/express-entry-rounds/invitations.html?q=157,Canadian Experience Class,Canadian Experience Class,3343,445,2020-07-23,2020-07-23 12:24:39,2020-07-12 15:16:55,2020-07-23,0,0,0,0,0,0,0,0,0,0,0,0,0,0,0,0,0,0
156,/en/immigration-refugees-citizenship/corporate/mandate/policies-operational-instructions-agreements/ministerial-instructions/express-entry-rounds/invitations.html?q=156,Provincial Nominee Program,Provincial Nominee Program,557,687,2020-07-22,2020-07-22 12:15:22,2019-11-11 08:51:21,2020-07-22,0,0,0,0,0,0,0,0,0,0,0,0,0,0,0,0,0,0
155,/en/immigration-refugees-citizenship/corporate/mandate/policies-operational-instructions-agreements/ministerial-instructions/express-entry-rounds/invitations.html?q=155,No Program Specified,General,3900,478,2020-07-08,2020-07-08 13:08:41,2020-02-11 03:17:13,2020-07-08,0,0,0,0,0,0,0,0,0,0,0,0,0,0,0,0,0,0
154,/en/immigration-refugees-citizenship/corporate/mandate/policies-operational-instructions-agreements/ministerial-instructions/express-entry-rounds/invitations.html?q=154,Canadian Experience Class,Canadian Experience Class,3508,431,2020-06-25,2020-06-25 11:29:27,2020-04-03 12:56:32,2020-06-25,0,0,0,0,0,0,0,0,0,0,0,0,0,0,0,0,0,0
153,/en/immigration-refugees-citizenship/corporate/mandate/policies-operational-instructions-agreements/ministerial-instructions/express-entry-rounds/invitations.html?q=153,Provincial Nominee Program,Provincial Nominee Program,392,696,2020-06-24,2020-06-24 11:24:10,2020-04-23 10:39:30,2020-06-24,0,0,0,0,0,0,0,0,0,0,0,0,0,0,0,0,0,0
152,/en/immigration-refugees-citizenship/corporate/mandate/policies-operational-instructions-agreements/ministerial-instructions/express-entry-rounds/invitations.html?q=152,Canadian Experience Class,Canadian Experience Class,3559,437,2020-06-11,2020-06-11 13:33:58,2020-05-25 00:31:43,2020-06-11,0,0,0,0,0,0,0,0,0,0,0,0,0,0,0,0,0,0
151,/en/immigration-refugees-citizenship/corporate/mandate/policies-operational-instructions-agreements/ministerial-instructions/express-entry-rounds/invitations.html?q=151,Provincial Nominee Program,Provincial Nominee Program,341,743,2020-06-10,2020-06-10 13:49:43,2020-04-14 13:25:51,2020-06-10,0,0,0,0,0,0,0,0,0,0,0,0,0,0,0,0,0,0
150,/en/immigration-refugees-citizenship/corporate/mandate/policies-operational-instructions-agreements/ministerial-instructions/express-entry-rounds/invitations.html?q=150,Canadian Experience Class,Canadian Experience Class,3515,440,2020-05-28,2020-05-28 11:35:51,2020-03-07 10:36:59,2020-05-28,0,0,0,0,0,0,0,0,0,0,0,0,0,0,0,0,0,0
149,/en/immigration-refugees-citizenship/corporate/mandate/policies-operational-instructions-agreements/ministerial-instructions/express-entry-rounds/invitations.html?q=149,Provincial Nominee Program,Provincial Nominee Program,385,757,2020-05-27,2020-05-27 11:37:30,2020-04-27 10:19:01,2020-05-27,0,0,0,0,0,0,0,0,0,0,0,0,0,0,0,0,0,0
148,/en/immigration-refugees-citizenship/corporate/mandate/policies-operational-instructions-agreements/ministerial-instructions/express-entry-rounds/invitations.html?q=148,Canadian Experience Class,Canadian Experience Class,3371,447,2020-05-14,2020-05-15 12:46:53,2019-12-23 10:01:06,2020-05-14,0,0,0,0,0,0,0,0,0,0,0,0,0,0,0,0,0,0
147,/en/immigration-refugees-citizenship/corporate/mandate/policies-operational-instructions-agreements/ministerial-instructions/express-entry-rounds/invitations.html?q=147,Provincial Nominee Program,Provincial Nominee Program,529,718,2020-05-13,2020-05-13 13:11:44,2020-03-19 12:53:21,2020-05-13,0,0,0,0,0,0,0,0,0,0,0,0,0,0,0,0,0,0
146,/en/immigration-refugees-citizenship/corporate/mandate/policies-operational-instructions-agreements/ministerial-instructions/express-entry-rounds/invitations.html?q=146,Canadian Experience Class,Canadian Experience Class,3311,452,2020-04-30,2020-05-01 11:33:47,2019-10-10 19:15:28,2020-04-30,0,0,0,0,0,0,0,0,0,0,0,0,0,0,0,0,0,0
145,/en/immigration-refugees-citizenship/corporate/mandate/policies-operational-instructions-agreements/ministerial-instructions/express-entry-rounds/invitations.html?q=145,Provincial Nominee Program,Provincial Nominee Program,589,692,2020-04-29,2020-04-29 11:17:20,2020-03-11 13:46:21,2020-04-29,0,0,0,0,0,0,0,0,0,0,0,0,0,0,0,0,0,0
144,/en/immigration-refugees-citizenship/corporate/mandate/policies-operational-instructions-agreements/ministerial-instructions/express-entry-rounds/invitations.html?q=144,Canadian Experience Class,Canadian Experience Class,3782,455,2020-04-16,2020-04-16 15:20:02,2020-01-20 17:37:33,2020-04-16,0,0,0,0,0,0,0,0,0,0,0,0,0,0,0,0,0,0
143,/en/immigration-refugees-citizenship/corporate/mandate/policies-operational-instructions-agreements/ministerial-instructions/express-entry-rounds/invitations.html?q=143,Provincial Nominee Program,Provincial Nominee Program,118,808,2020-04-15,2020-04-15 14:31:00,2020-03-18 10:30:55,2020-04-15,0,0,0,0,0,0,0,0,0,0,0,0,0,0,0,0,0,0
142,/en/immigration-refugees-citizenship/corporate/mandate/policies-operational-instructions-agreements/ministerial-instructions/express-entry-rounds/invitations.html?q=142,Canadian Experience Class,Canadian Experience Class,3294,464,2020-04-09,2020-04-09 17:36:14,2020-01-04 12:16:45,2020-04-09,0,0,0,0,0,0,0,0,0,0,0,0,0,0,0,0,0,0
141,/en/immigration-refugees-citizenship/corporate/mandate/policies-operational-instructions-agreements/ministerial-instructions/express-entry-rounds/invitations.html?q=141,Provincial Nominee Program,Provincial Nominee Program,606,698,2020-04-09,2020-04-09 14:14:53,2019-12-18 11:29:51,2020-04-09,0,0,0,0,0,0,0,0,0,0,0,0,0,0,0,0,0,0
140,/en/immigration-refugees-citizenship/corporate/mandate/policies-operational-instructions-agreements/ministerial-instructions/express-entry-rounds/invitations.html?q=140,Canadian Experience Class,Canadian Experience Class,3232,467,2020-03-23,2020-03-23 16:12:27,2019-11-25 14:00:35,2020-03-23,0,0,0,0,0,0,0,0,0,0,0,0,0,0,0,0,0,0
139,/en/immigration-refugees-citizenship/corporate/mandate/policies-operational-instructions-agreements/ministerial-instructions/express-entry-rounds/invitations.html?q=139,Provincial Nominee Program,Provincial Nominee Program,668,720,2020-03-18,2020-03-19 02:04:06,2020-03-19 02:04:06,2020-03-18,0,0,0,0,0,0,0,0,0,0,0,0,0,0,0,0,0,0
138,/en/immigration-refugees-citizenship/corporate/mandate/policies-operational-instructions-agreements/ministerial-instructions/express-entry-rounds/invitations.html?q=138,No Program Specified,General,3900,471,2020-03-04,2020-03-04 13:44:16,2020-02-24 06:02:57,2020-03-04,0,0,0,0,0,0,0,0,0,0,0,0,0,0,0,0,0,0
137,/en/immigration-refugees-citizenship/corporate/mandate/policies-operational-instructions-agreements/ministerial-instructions/express-entry-rounds/invitations.html?q=137,No Program Specified,General,4500,470,2020-02-19,2020-02-19 13:19:54,2020-01-13 10:52:52,2020-02-19,0,0,0,0,0,0,0,0,0,0,0,0,0,0,0,0,0,0
136,/en/immigration-refugees-citizenship/corporate/mandate/policies-operational-instructions-agreements/ministerial-instructions/express-entry-rounds/invitations.html?q=136,No Program Specified,General,3500,472,2020-02-05,2020-02-05 13:11:46,2020-01-30 07:36:26,2020-02-05,0,0,0,0,0,0,0,0,0,0,0,0,0,0,0,0,0,0
135,/en/immigration-refugees-citizenship/corporate/mandate/policies-operational-instructions-agreements/ministerial-instructions/express-entry-rounds/invitations.html?q=135,No Program Specified,General,3400,471,2020-01-22,2020-01-22 13:35:06,2019-05-09 01:16:02,2020-01-22,0,0,0,0,0,0,0,0,0,0,0,0,0,0,0,0,0,0
134,/en/immigration-refugees-citizenship/corporate/mandate/policies-operational-instructions-agreements/ministerial-instructions/express-entry-rounds/invitations.html?q=134,No Program Specified,General,3400,473,2020-01-08,2020-01-08 13:33:44,2019-12-27 13:35:09,2020-01-08,0,0,0,0,0,0,0,0,0,0,0,0,0,0,0,0,0,0
133,/en/immigration-refugees-citizenship/corporate/mandate/policies-operational-instructions-agreements/ministerial-instructions/express-entry-rounds/invitations.html?q=133,No Program Specified,General,3200,469,2019-12-19,2019-12-19 13:21:53,2019-11-14 08:41:33,2019-12-19,0,0,0,0,0,0,0,0,0,0,0,0,0,0,0,0,0,0
132,/en/immigration-refugees-citizenship/corporate/mandate/policies-operational-instructions-agreements/ministerial-instructions/express-entry-rounds/invitations.html?q=132,No Program Specified,General,3200,472,2019-12-11,2019-12-11 13:26:03,2019-12-06 03:03:49,2019-12-11,0,0,0,0,0,0,0,0,0,0,0,0,0,0,0,0,0,0
131,/en/immigration-refugees-citizenship/corporate/mandate/policies-operational-instructions-agreements/ministerial-instructions/express-entry-rounds/invitations.html?q=131,No Program Specified,General,3600,471,2019-11-27,2019-11-27 12:44:41,2019-11-11 06:29:10,2019-11-27,0,0,0,0,0,0,0,0,0,0,0,0,0,0,0,0,0,0
130,/en/immigration-refugees-citizenship/corporate/mandate/policies-operational-instructions-agreements/ministerial-instructions/express-entry-rounds/invitations.html?q=130,No Program Specified,General,3600,472,2019-11-13,2019-11-13 12:40:01,2019-10-08 10:46:01,2019-11-13,0,0,0,0,0,0,0,0,0,0,0,0,0,0,0,0,0,0
129,/en/immigration-refugees-citizenship/corporate/mandate/policies-operational-instructions-agreements/ministerial-instructions/express-entry-rounds/invitations.html?q=129,No Program Specified,General,3900,475,2019-10-30,2019-10-30 12:50:09,2019-08-29 03:50:24,2019-10-30,0,0,0,0,0,0,0,0,0,0,0,0,0,0,0,0,0,0
128,/en/immigration-refugees-citizenship/corporate/mandate/policies-operational-instructions-agreements/ministerial-instructions/express-entry-rounds/invitations.html?q=128,Federal Skilled Trades,Federal Skilled Trades,500,357,2019-10-16,2019-10-16 12:56:58,2019-03-04 20:36:42,2019-10-16,0,0,0,0,0,0,0,0,0,0,0,0,0,0,0,0,0,0
127,/en/immigration-refugees-citizenship/corporate/mandate/policies-operational-instructions-agreements/ministerial-instructions/express-entry-rounds/invitations.html?q=127,No Program Specified,General,3900,464,2019-10-02,2019-10-02 12:16:25,2019-09-20 15:05:04,2019-10-02,0,0,0,0,0,0,0,0,0,0,0,0,0,0,0,0,0,0
126,/en/immigration-refugees-citizenship/corporate/mandate/policies-operational-instructions-agreements/ministerial-instructions/express-entry-rounds/invitations.html?q=126,No Program Specified,General,3600,462,2019-09-18,2019-09-18 17:52:51,2019-08-29 07:57:13,2019-09-18,0,0,0,0,0,0,0,0,0,0,0,0,0,0,0,0,0,0
125,/en/immigration-refugees-citizenship/corporate/mandate/policies-operational-instructions-agreements/ministerial-instructions/express-entry-rounds/invitations.html?q=125,No Program Specified,General,3600,463,2019-09-04,2019-09-04 13:36:34,2019-08-23 13:33:34,2019-09-04,0,0,0,0,0,0,0,0,0,0,0,0,0,0,0,0,0,0
124,/en/immigration-refugees-citizenship/corporate/mandate/policies-operational-instructions-agreements/ministerial-instructions/express-entry-rounds/invitations.html?q=124,No Program Specified,General,3600,457,2019-08-20,2019-08-20 11:51:30,2019-03-24 15:32:42,2019-08-20,0,0,0,0,0,0,0,0,0,0,0,0,0,0,0,0,0,0
123,/en/immigration-refugees-citizenship/corporate/mandate/policies-operational-instructions-agreements/ministerial-instructions/express-entry-rounds/invitations.html?q=123,No Program Specified,General,3600,466,2019-08-12,2019-08-12 12:36:51,2019-08-06 12:14:53,2019-08-12,0,0,0,0,0,0,0,0,0,0,0,0,0,0,0,0,0,0
122,/en/immigration-refugees-citizenship/corporate/mandate/policies-operational-instructions-agreements/ministerial-instructions/express-entry-rounds/invitations.html?q=122,No Program Specified,General,3600,459,2019-07-24,2019-07-24 12:55:38,2019-05-25 14:40:52,2019-07-24,0,0,0,0,0,0,0,0,0,0,0,0,0,0,0,0,0,0
121,/en/immigration-refugees-citizenship/corporate/mandate/policies-operational-instructions-agreements/ministerial-instructions/express-entry-rounds/invitations.html?q=121,No Program Specified,General,3600,460,2019-07-10,2019-07-10 12:31:36,2019-06-11 00:27:18,2019-07-10,0,0,0,0,0,0,0,0,0,0,0,0,0,0,0,0,0,0
120,/en/immigration-refugees-citizenship/corporate/mandate/policies-operational-instructions-agreements/ministerial-instructions/express-entry-rounds/invitations.html?q=120,No Program Specified,General,3350,462,2019-06-26,2019-06-26 12:30:54,2019-05-11 17:40:54,2019-06-26,0,0,0,0,0,0,0,0,0,0,0,0,0,0,0,0,0,0
119,/en/immigration-refugees-citizenship/corporate/mandate/policies-operational-instructions-agreements/ministerial-instructions/express-entry-rounds/invitations.html?q=119,No Program Specified,General,3350,465,2019-06-12,2019-06-12 11:59:22,2019-06-06 13:51:59,2019-06-12,0,0,0,0,0,0,0,0,0,0,0,0,0,0,0,0,0,0
118,/en/immigration-refugees-citizenship/corporate/mandate/policies-operational-instructions-agreements/ministerial-instructions/express-entry-rounds/invitations.html?q=118,No Program Specified,General,3350,470,2019-05-29,2019-05-29 12:09:37,2019-05-23 10:18:56,2019-05-29,0,0,0,0,0,0,0,0,0,0,0,0,0,0,0,0,0,0
117,/en/immigration-refugees-citizenship/corporate/mandate/policies-operational-instructions-agreements/ministerial-instructions/express-entry-rounds/invitations.html?q=117,Federal Skilled Trades,Federal Skilled Trades,500,332,2019-05-15,2019-05-15 11:23:38,2018-08-29 08:32:03,2019-05-15,0,0,0,0,0,0,0,0,0,0,0,0,0,0,0,0,0,0
116,/en/immigration-refugees-citizenship/corporate/mandate/policies-operational-instructions-agreements/ministerial-instructions/express-entry-rounds/invitations.html?q=116,No Program Specified,General,3350,450,2019-05-01,2019-05-01 12:03:02,2018-11-05 12:27:07,2019-05-01,0,0,0,0,0,0,0,0,0,0,0,0,0,0,0,0,0,0
115,/en/immigration-refugees-citizenship/corporate/mandate/policies-operational-instructions-agreements/ministerial-instructions/express-entry-rounds/invitations.html?q=115,No Program Specified,General,3350,451,2019-04-17,2019-04-17 15:26:33,2019-04-02 15:01:49,2019-04-17,0,0,0,0,0,0,0,0,0,0,0,0,0,0,0,0,0,0
114,/en/immigration-refugees-citizenship/corporate/mandate/policies-operational-instructions-agreements/ministerial-instructions/express-entry-rounds/invitations.html?q=114,No Program Specified,General,3350,451,2019-04-03,2019-04-03 17:37:40,2019-01-09 07:35:09,2019-04-03,0,0,0,0,0,0,0,0,0,0,0,0,0,0,0,0,0,0
113,/en/immigration-refugees-citizenship/corporate/mandate/policies-operational-instructions-agreements/ministerial-instructions/express-entry-rounds/invitations.html?q=113,No Program Specified,General,3350,452,2019-03-20,2019-03-20 11:44:52,2019-02-07 09:59:25,2019-03-20,0,0,0,0,0,0,0,0,0,0,0,0,0,0,0,0,0,0
112,/en/immigration-refugees-citizenship/corporate/mandate/policies-operational-instructions-agreements/ministerial-instructions/express-entry-rounds/invitations.html?q=112,No Program Specified,General,3350,454,2019-03-06,2019-03-06 14:56:03,2019-02-11 17:21:27,2019-03-06,0,0,0,0,0,0,0,0,0,0,0,0,0,0,0,0,0,0
111,/en/immigration-refugees-citizenship/corporate/mandate/policies-operational-instructions-agreements/ministerial-instructions/express-entry-rounds/invitations.html?q=111,No Program Specified,General,3350,457,2019-02-20,2019-02-20 01:43:14,2018-12-06 12:38:11,2019-02-20,0,0,0,0,0,0,0,0,0,0,0,0,0,0,0,0,0,0
110,/en/immigration-refugees-citizenship/corporate/mandate/policies-operational-instructions-agreements/ministerial-instructions/express-entry-rounds/invitations.html?q=110,No Program Specified,General,3350,438,2019-01-30,2019-01-30 12:09:10,2018-04-26 05:00:46,2019-01-30,0,0,0,0,0,0,0,0,0,0,0,0,0,0,0,0,0,0
109,/en/immigration-refugees-citizenship/corporate/mandate/policies-operational-instructions-agreements/ministerial-instructions/express-entry-rounds/invitations.html?q=109,No Program Specified,General,3900,443,2019-01-23,2019-01-23 14:19:24,2019-01-02 03:55:26,2019-01-23,0,0,0,0,0,0,0,0,0,0,0,0,0,0,0,0,0,0
108,/en/immigration-refugees-citizenship/corporate/mandate/policies-operational-instructions-agreements/ministerial-instructions/express-entry-rounds/invitations.html?q=108,No Program Specified,General,3900,449,2019-01-09,2019-01-10 12:20:46,2019-01-02 11:40:53,2019-01-09,0,0,0,0,0,0,0,0,0,0,0,0,0,0,0,0,0,0
107,/en/immigration-refugees-citizenship/corporate/mandate/policies-operational-instructions-agreements/ministerial-instructions/express-entry-rounds/invitations.html?q=107,No Program Specified,General,3900,439,2018-12-19,2018-12-19 12:35:17,2018-02-06 19:31:37,2018-12-19,0,0,0,0,0,0,0,0,0,0,0,0,0,0,0,0,0,0
106,/en/immigration-refugees-citizenship/corporate/mandate/policies-operational-instructions-agreements/ministerial-instructions/express-entry-rounds/invitations.html?q=106,No Program Specified,General,3900,445,2018-12-12,2018-12-12 14:10:54,2018-11-28 09:51:43,2018-12-12,0,0,0,0,0,0,0,0,0,0,0,0,0,0,0,0,0,0
105,/en/immigration-refugees-citizenship/corporate/mandate/policies-operational-instructions-agreements/ministerial-instructions/express-entry-rounds/invitations.html?q=105,No Program Specified,General,3900,445,2018-11-28,2018-11-28 12:14:58,2018-10-22 14:40:13,2018-11-28,0,0,0,0,0,0,0,0,0,0,0,0,0,0,0,0,0,0
104,/en/immigration-refugees-citizenship/corporate/mandate/policies-operational-instructions-agreements/ministerial-instructions/express-entry-rounds/invitations.html?q=104,No Program Specified,General,3900,449,2018-11-14,2018-11-15 14:06:07,2018-09-16 12:41:42,2018-11-14,0,0,0,0,0,0,0,0,0,0,0,0,0,0,0,0,0,0
103,/en/immigration-refugees-citizenship/corporate/mandate/policies-operational-instructions-agreements/ministerial-instructions/express-entry-rounds/invitations.html?q=103,No Program Specified,General,3900,442,2018-10-29,2018-10-29 16:36:30,2018-10-16 06:09:04,2018-10-29,0,0,0,0,0,0,0,0,0,0,0,0,0,0,0,0,0,0
102,/en/immigration-refugees-citizenship/corporate/mandate/policies-operational-instructions-agreements/ministerial-instructions/express-entry-rounds/invitations.html?q=102,No Program Specified,General,3900,440,2018-10-15,2018-10-15 12:11:46,2018-09-18 11:06:29,2018-10-15,0,0,0,0,0,0,0,0,0,0,0,0,0,0,0,0,0,0
101,/en/immigration-refugees-citizenship/corporate/mandate/policies-operational-instructions-agreements/ministerial-instructions/express-entry-rounds/invitations.html?q=101,No Program Specified,General,3900,445,2018-10-03,2018-10-03 11:20:04,2018-10-02 04:02:11,2018-10-03,0,0,0,0,0,0,0,0,0,0,0,0,0,0,0,0,0,0
100,/en/immigration-refugees-citizenship/corporate/mandate/policies-operational-instructions-agreements/ministerial-instructions/express-entry-rounds/invitations.html?q=100,Federal Skilled Trades,Federal Skilled Trades,400,284,2018-09-24,2018-09-24 05:34:21,2018-02-18 12:31:16,2018-09-24,0,0,0,0,0,0,0,0,0,0,0,0,0,0,0,0,0,0
99,/en/immigration-refugees-citizenship/corporate/mandate/policies-operational-instructions-agreements/ministerial-instructions/express-entry-rounds/invitations.html?q=99,No Program Specified,General,3500,441,2018-09-19,2018-09-19 11:29:46,2018-09-06 10:28:45,2018-09-19,0,0,0,0,0,0,0,0,0,0,0,0,0,0,0,0,0,0
98,/en/immigration-refugees-citizenship/corporate/mandate/policies-operational-instructions-agreements/ministerial-instructions/express-entry-rounds/invitations.html?q=98,No Program Specified,General,3900,440,2018-09-05,2018-09-05 13:10:19,2018-04-29 14:28:34,2018-09-05,0,0,0,0,0,0,0,0,0,0,0,0,0,0,0,0,0,0
97,/en/immigration-refugees-citizenship/corporate/mandate/policies-operational-instructions-agreements/ministerial-instructions/express-entry-rounds/invitations.html?q=97,No Program Specified,General,3750,440,2018-08-22,2018-08-22 13:19:10,2018-02-21 11:28:03,2018-08-22,0,0,0,0,0,0,0,0,0,0,0,0,0,0,0,0,0,0
96,/en/immigration-refugees-citizenship/corporate/mandate/policies-operational-instructions-agreements/ministerial-instructions/express-entry-rounds/invitations.html?q=96,No Program Specified,General,3750,440,2018-08-08,2018-08-08 11:56:30,2018-01-31 00:06:40,2018-08-08,0,0,0,0,0,0,0,0,0,0,0,0,0,0,0,0,0,0
95,/en/immigration-refugees-citizenship/corporate/mandate/policies-operational-instructions-agreements/ministerial-instructions/express-entry-rounds/invitations.html?q=95,No Program Specified,General,3750,441,2018-07-25,2018-07-25 12:43:04,2017-12-31 12:14:21,2018-07-25,0,0,0,0,0,0,0,0,0,0,0,0,0,0,0,0,0,0
94,/en/immigration-refugees-citizenship/corporate/mandate/policies-operational-instructions-agreements/ministerial-instructions/express-entry-rounds/invitations.html?q=94,No Program Specified,General,3750,442,2018-07-11,2018-07-11 12:09:46,2018-06-26 13:18:55,2018-07-11,0,0,0,0,0,0,0,0,0,0,0,0,0,0,0,0,0,0
93,/en/immigration-refugees-citizenship/corporate/mandate/policies-operational-instructions-agreements/ministerial-instructions/express-entry-rounds/invitations.html?q=93,No Program Specified,General,3750,442,2018-06-25,2018-06-25 12:11:51,2018-01-28 21:06:11,2018-06-25,0,0,0,0,0,0,0,0,0,0,0,0,0,0,0,0,0,0
92,/en/immigration-refugees-citizenship/corporate/mandate/policies-operational-instructions-agreements/ministerial-instructions/express-entry-rounds/invitations.html?q=92,No Program Specified,General,3750,451,2018-06-13,2018-06-13 11:31:36,2017-07-21 07:01:28,2018-06-13,0,0,0,0,0,0,0,0,0,0,0,0,0,0,0,0,0,0
91b,/en/immigration-refugees-citizenship/corporate/mandate/policies-operational-instructions-agreements/ministerial-instructions/express-entry-rounds/invitations.html?q=91b,Provincial Nominee Program,Provincial Nominee Program,200,902,2018-05-30,2018-05-30 14:52:06,2018-03-23 05:38:02,2018-05-30,0,0,0,0,0,0,0,0,0,0,0,0,0,0,0,0,0,0
91a,/en/immigration-refugees-citizenship/corporate/mandate/policies-operational-instructions-agreements/ministerial-instructions/express-entry-rounds/invitations.html?q=91a,Federal Skilled Trades,Federal Skilled Trades,500,288,2018-05-30,2018-05-30 14:52:06,2017-06-07 20:11:13,2018-05-30,0,0,0,0,0,0,0,0,0,0,0,0,0,0,0,0,0,0
90,/en/immigration-refugees-citizenship/corporate/mandate/policies-operational-instructions-agreements/ministerial-instructions/express-entry-rounds/invitations.html?q=90,No Program Specified,General,3500,440,2018-05-23,2018-05-23 11:20:42,2017-12-30 06:39:40,2018-05-23,0,0,0,0,0,0,0,0,0,0,0,0,0,0,0,0,0,0
89,/en/immigration-refugees-citizenship/corporate/mandate/policies-operational-instructions-agreements/ministerial-instructions/express-entry-rounds/invitations.html?q=89,No Program Specified,General,3500,441,2018-05-09,2018-05-09 12:28:41,2017-12-12 01:51:38,2018-05-09,0,0,0,0,0,0,0,0,0,0,0,0,0,0,0,0,0,0
88,/en/immigration-refugees-citizenship/corporate/mandate/policies-operational-instructions-agreements/ministerial-instructions/express-entry-rounds/invitations.html?q=88,No Program Specified,General,3500,441,2018-04-25,2018-04-25 12:40:15,2017-12-08 10:25:33,2018-04-25,0,0,0,0,0,0,0,0,0,0,0,0,0,0,0,0,0,0
87,/en/immigration-refugees-citizenship/corporate/mandate/policies-operational-instructions-agreements/ministerial-instructions/express-entry-rounds/invitations.html?q=87,No Program Specified,General,3500,444,2018-04-11,2018-04-11 12:50:17,2018-03-26 08:25:40,2018-04-11,0,0,0,0,0,0,0,0,0,0,0,0,0,0,0,0,0,0
86,/en/immigration-refugees-citizenship/corporate/mandate/policies-operational-instructions-agreements/ministerial-instructions/express-entry-rounds/invitations.html?q=86,No Program Specified,General,3000,446,2018-03-26,2018-03-26 12:00:18,2018-02-23 08:06:19,2018-03-26,0,0,0,0,0,0,0,0,0,0,0,0,0,0,0,0,0,0
85,/en/immigration-refugees-citizenship/corporate/mandate/policies-operational-instructions-agreements/ministerial-instructions/express-entry-rounds/invitations.html?q=85,No Program Specified,General,3000,456,2018-03-14,2018-03-14 12:08:58,2018-03-03 02:12:11,2018-03-14,0,0,0,0,0,0,0,0,0,0,0,0,0,0,0,0,0,0
84,/en/immigration-refugees-citizenship/corporate/mandate/policies-operational-instructions-agreements/ministerial-instructions/express-entry-rounds/invitations.html?q=84,No Program Specified,General,3000,442,2018-02-21,2018-02-21 13:29:23,2018-02-11 17:03:32,2018-02-21,0,0,0,0,0,0,0,0,0,0,0,0,0,0,0,0,0,0
83,/en/immigration-refugees-citizenship/corporate/mandate/policies-operational-instructions-agreements/ministerial-instructions/express-entry-rounds/invitations.html?q=83,No Program Specified,General,3000,442,2018-02-07,2018-02-07 16:55:01,2017-05-29 07:01:15,2018-02-07,0,0,0,0,0,0,0,0,0,0,0,0,0,0,0,0,0,0
82,/en/immigration-refugees-citizenship/corporate/mandate/policies-operational-instructions-agreements/ministerial-instructions/express-entry-rounds/invitations.html?q=82,No Program Specified,General,2750,444,2018-01-24,2018-01-24 13:38:00,2018-01-17 12:33:00,2018-01-24,0,0,0,0,0,0,0,0,0,0,0,0,0,0,0,0,0,0
81,/en/immigration-refugees-citizenship/corporate/mandate/policies-operational-instructions-agreements/ministerial-instructions/express-entry-rounds/invitations.html?q=81,No Program Specified,General,2750,446,2018-01-10,2018-01-10 12:15:38,2017-11-18 06:30:42,2018-01-10,0,0,0,0,0,0,0,0,0,0,0,0,0,0,0,0,0,0
80,/en/immigration-refugees-citizenship/corporate/mandate/policies-operational-instructions-agreements/ministerial-instructions/express-entry-rounds/invitations.html?q=80,No Program Specified,General,2750,446,2017-12-20,2017-12-20 13:29:55,2017-10-02 14:56:53,2017-12-20,0,0,0,0,0,0,0,0,0,0,0,0,0,0,0,0,0,0
79,/en/immigration-refugees-citizenship/corporate/mandate/policies-operational-instructions-agreements/ministerial-instructions/express-entry-rounds/invitations.html?q=79,No Program Specified,General,2750,452,2017-12-06,2017-12-06 14:00:00,2017-11-16 04:20:20,2017-12-06,0,0,0,0,0,0,0,0,0,0,0,0,0,0,0,0,0,0
78,/en/immigration-refugees-citizenship/corporate/mandate/policies-operational-instructions-agreements/ministerial-instructions/express-entry-rounds/invitations.html?q=78,No Program Specified,General,2750,439,2017-11-15,2017-11-15 17:54:19,2017-10-19 12:02:28,2017-11-15,0,0,0,0,0,0,0,0,0,0,0,0,0,0,0,0,0,0
77,/en/immigration-refugees-citizenship/corporate/mandate/policies-operational-instructions-agreements/ministerial-instructions/express-entry-rounds/invitations.html?q=77,No Program Specified,General,2000,458,2017-11-08,2017-11-08 13:40:54,2017-10-23 15:58:27,2017-11-08,0,0,0,0,0,0,0,0,0,0,0,0,0,0,0,0,0,0
76,/en/immigration-refugees-citizenship/corporate/mandate/policies-operational-instructions-agreements/ministerial-instructions/express-entry-rounds/invitations-76.html,Federal Skilled Trades,Federal Skilled Trades,505,241,2017-11-01,2017-11-01 12:55:44,,2017-11-01,0,0,0,0,0,0,0,0,0,0,0,0,0,0,0,0,0,0
75,/en/immigration-refugees-citizenship/corporate/mandate/policies-operational-instructions-agreements/ministerial-instructions/express-entry-rounds/invitations-75.html,Provincial Nominee Program,Provincial Nominee Program,290,673,2017-11-01,2017-11-01 12:55:44,,2017-11-01,0,0,0,0,0,0,0,0,0,0,0,0,0,0,0,0,0,0
74,/en/immigration-refugees-citizenship/corporate/mandate/policies-operational-instructions-agreements/ministerial-instructions/express-entry-rounds/invitations-74.html,No Program Specified,General,2757,436,2017-10-18,2017-10-18 11:12:41,,2017-10-18,0,0,0,0,0,0,0,0,0,0,0,0,0,0,0,0,0,0
73,/en/immigration-refugees-citizenship/corporate/mandate/policies-operational-instructions-agreements/ministerial-instructions/express-entry-rounds/invitations-73.html,No Program Specified,General,2801,438,2017-10-04,2017-10-04 12:22:22,,2017-10-04,0,0,0,0,0,0,0,0,0,0,0,0,0,0,0,0,0,0
72,/en/immigration-refugees-citizenship/corporate/mandate/policies-operational-instructions-agreements/ministerial-instructions/express-entry-rounds/invitations-72.html,No Program Specified,General,2871,433,2017-09-20,2017-09-20 12:39:23,,2017-09-20,0,0,0,0,0,0,0,0,0,0,0,0,0,0,0,0,0,0
71,/en/immigration-refugees-citizenship/corporate/mandate/policies-operational-instructions-agreements/ministerial-instructions/express-entry-rounds/invitations-71.html,No Program Specified,General,2772,435,2017-09-06,2017-09-06 11:08:58,,2017-09-06,0,0,0,0,0,0,0,0,0,0,0,0,0,0,0,0,0,0
70,/en/immigration-refugees-citizenship/corporate/mandate/policies-operational-instructions-agreements/ministerial-instructions/express-entry-rounds/invitations-70.html,No Program Specified,General,3035,434,2017-08-23,2017-08-23 12:14:16,,2017-08-23,0,0,0,0,0,0,0,0,0,0,0,0,0,0,0,0,0,0
69,/en/immigration-refugees-citizenship/corporate/mandate/policies-operational-instructions-agreements/ministerial-instructions/express-entry-rounds/invitations-69.html,No Program Specified,General,2991,433,2017-08-09,2017-08-09 12:15:03,,2017-08-09,0,0,0,0,0,0,0,0,0,0,0,0,0,0,0,0,0,0
68,/en/immigration-refugees-citizenship/corporate/mandate/policies-operational-instructions-agreements/ministerial-instructions/express-entry-rounds/invitations-68.html,No Program Specified,General,3264,441,2017-08-02,2017-08-02 12:22:55,,2017-08-02,0,0,0,0,0,0,0,0,0,0,0,0,0,0,0,0,0,0
67,/en/immigration-refugees-citizenship/corporate/mandate/policies-operational-instructions-agreements/ministerial-instructions/express-entry-rounds/invitations-67.html,No Program Specified,General,3202,440,2017-07-12,2017-07-12 16:31:04,,2017-07-12,0,0,0,0,0,0,0,0,0,0,0,0,0,0,0,0,0,0
66,/en/immigration-refugees-citizenship/corporate/mandate/policies-operational-instructions-agreements/ministerial-instructions/express-entry-rounds/invitations-66.html,No Program Specified,General,3409,449,2017-06-28,2017-06-28 13:17:07,,2017-06-28,0,0,0,0,0,0,0,0,0,0,0,0,0,0,0,0,0,0
65,/en/immigration-refugees-citizenship/corporate/mandate/policies-operational-instructions-agreements/ministerial-instructions/express-entry-rounds/invitations-65.html,No Program Specified,General,3877,413,2017-05-31,2017-05-31 12:13:35,,2017-05-31,0,0,0,0,0,0,0,0,0,0,0,0,0,0,0,0,0,0
64,/en/immigration-refugees-citizenship/corporate/mandate/policies-operational-instructions-agreements/ministerial-instructions/express-entry-rounds/invitations-64.html,Federal Skilled Trades,Federal Skilled Trades,400,199,2017-05-26,2017-05-26 16:35:48,,2017-05-26,0,0,0,0,0,0,0,0,0,0,0,0,0,0,0,0,0,0
63,/en/immigration-refugees-citizenship/corporate/mandate/policies-operational-instructions-agreements/ministerial-instructions/express-entry-rounds/invitations-63.html,Provincial Nominee Program,Provincial Nominee Program,143,775,2017-05-26,2017-05-26 16:35:48,,2017-05-26,0,0,0,0,0,0,0,0,0,0,0,0,0,0,0,0,0,0
62,/en/immigration-refugees-citizenship/corporate/mandate/policies-operational-instructions-agreements/ministerial-instructions/express-entry-rounds/invitations-62.html,No Program Specified,General,3687,415,2017-05-17,2017-05-17 13:17:03,,2017-05-17,0,0,0,0,0,0,0,0,0,0,0,0,0,0,0,0,0,0
61,/en/immigration-refugees-citizenship/corporate/mandate/policies-operational-instructions-agreements/ministerial-instructions/express-entry-rounds/invitations-61.html,No Program Specified,General,3796,423,2017-05-04,2017-05-04 12:20:49,,2017-05-04,0,0,0,0,0,0,0,0,0,0,0,0,0,0,0,0,0,0
60,/en/immigration-refugees-citizenship/corporate/mandate/policies-operational-instructions-agreements/ministerial-instructions/express-entry-rounds/invitations-60.html,No Program Specified,General,3665,415,2017-04-19,2017-04-19 12:23:45,,2017-04-19,0,0,0,0,0,0,0,0,0,0,0,0,0,0,0,0,0,0
59,/en/immigration-refugees-citizenship/corporate/mandate/policies-operational-instructions-agreements/ministerial-instructions/express-entry-rounds/invitations-59.html,No Program Specified,General,3923,423,2017-04-12,2017-04-12 17:24:01,,2017-04-12,0,0,0,0,0,0,0,0,0,0,0,0,0,0,0,0,0,0
58,/en/immigration-refugees-citizenship/corporate/mandate/policies-operational-instructions-agreements/ministerial-instructions/express-entry-rounds/invitations-58.html,No Program Specified,General,3753,431,2017-04-05,2017-04-05 12:09:10,,2017-04-05,0,0,0,0,0,0,0,0,0,0,0,0,0,0,0,0,0,0
57,/en/immigration-refugees-citizenship/corporate/mandate/policies-operational-instructions-agreements/ministerial-instructions/express-entry-rounds/invitations-57.html,No Program Specified,General,3749,441,2017-03-24,2017-03-24 12:38:04,,2017-03-24,0,0,0,0,0,0,0,0,0,0,0,0,0,0,0,0,0,0
56,/en/immigration-refugees-citizenship/corporate/mandate/policies-operational-instructions-agreements/ministerial-instructions/express-entry-rounds/invitations-56.html,No Program Specified,General,3884,434,2017-03-01,2017-03-01 13:32:31,,2017-03-01,0,0,0,0,0,0,0,0,0,0,0,0,0,0,0,0,0,0
55,/en/immigration-refugees-citizenship/corporate/mandate/policies-operational-instructions-agreements/ministerial-instructions/express-entry-rounds/invitations-55.html,No Program Specified,General,3611,441,2017-02-22,2017-02-22 13:10:45,,2017-02-22,0,0,0,0,0,0,0,0,0,0,0,0,0,0,0,0,0,0
54,/en/immigration-refugees-citizenship/corporate/mandate/policies-operational-instructions-agreements/ministerial-instructions/express-entry-rounds/invitations-54.html,No Program Specified,General,3644,447,2017-02-08,2017-02-08 13:23:27,,2017-02-08,0,0,0,0,0,0,0,0,0,0,0,0,0,0,0,0,0,0
53,/en/immigration-refugees-citizenship/corporate/mandate/policies-operational-instructions-agreements/ministerial-instructions/express-entry-rounds/invitations-53.html,No Program Specified,General,3508,453,2017-01-25,2017-01-25 13:13:53,,2017-01-25,0,0,0,0,0,0,0,0,0,0,0,0,0,0,0,0,0,0
52,/en/immigration-refugees-citizenship/corporate/mandate/policies-operational-instructions-agreements/ministerial-instructions/express-entry-rounds/invitations-52.html,No Program Specified,General,3334,459,2017-01-11,2017-01-11 15:16:33,,2017-01-11,0,0,0,0,0,0,0,0,0,0,0,0,0,0,0,0,0,0
51,/en/immigration-refugees-citizenship/corporate/mandate/policies-operational-instructions-agreements/ministerial-instructions/express-entry-rounds/invitations-51.html,No Program Specified,General,2902,468,2017-01-04,2017-01-04 13:24:16,,2017-01-04,0,0,0,0,0,0,0,0,0,0,0,0,0,0,0,0,0,0
50,/en/immigration-refugees-citizenship/corporate/mandate/policies-operational-instructions-agreements/ministerial-instructions/express-entry-rounds/invitations-50.html,No Program Specified,General,2878,475,2016-12-22,2016-12-22 13:39:04,,2016-12-22,0,0,0,0,0,0,0,0,0,0,0,0,0,0,0,0,0,0
49,/en/immigration-refugees-citizenship/corporate/mandate/policies-operational-instructions-agreements/ministerial-instructions/express-entry-rounds/invitations-49.html,No Program Specified,General,1936,497,2016-12-16,2016-12-16 16:42:31,,2016-12-16,0,0,0,0,0,0,0,0,0,0,0,0,0,0,0,0,0,0
48,/en/immigration-refugees-citizenship/corporate/mandate/policies-operational-instructions-agreements/ministerial-instructions/express-entry-rounds/invitations-48.html,Provincial Nominee Program,Provincial Nominee Program,559,786,2016-11-30,2016-11-30 14:58:44,,2016-11-30,0,0,0,0,0,0,0,0,0,0,0,0,0,0,0,0,0,0
47,/en/immigration-refugees-citizenship/corporate/mandate/policies-operational-instructions-agreements/ministerial-instructions/express-entry-rounds/invitations-47.html,No Program Specified,General,2427,470,2016-11-16,2016-11-16 13:12:45,,2016-11-16,0,0,0,0,0,0,0,0,0,0,0,0,0,0,0,0,0,0
46,/en/immigration-refugees-citizenship/corporate/mandate/policies-operational-instructions-agreements/ministerial-instructions/express-entry-rounds/invitations-46.html,No Program Specified,General,2080,472,2016-11-02,2016-11-02 12:34:57,,2016-11-02,0,0,0,0,0,0,0,0,0,0,0,0,0,0,0,0,0,0
45,/en/immigration-refugees-citizenship/corporate/mandate/policies-operational-instructions-agreements/ministerial-instructions/express-entry-rounds/invitations-45.html,No Program Specified,General,1804,475,2016-10-19,2016-10-19 12:20:50,,2016-10-19,0,0,0,0,0,0,0,0,0,0,0,0,0,0,0,0,0,0
44,/en/immigration-refugees-citizenship/corporate/mandate/policies-operational-instructions-agreements/ministerial-instructions/express-entry-rounds/invitations-44.html,No Program Specified,General,1518,484,2016-10-12,2016-10-12 12:18:33,,2016-10-12,0,0,0,0,0,0,0,0,0,0,0,0,0,0,0,0,0,0
43,/en/immigration-refugees-citizenship/corporate/mandate/policies-operational-instructions-agreements/ministerial-instructions/express-entry-rounds/invitations-43.html,No Program Specified,General,1288,483,2016-09-21,2016-09-21 12:05:41,,2016-09-21,0,0,0,0,0,0,0,0,0,0,0,0,0,0,0,0,0,0
42,/en/immigration-refugees-citizenship/corporate/mandate/policies-operational-instructions-agreements/ministerial-instructions/express-entry-rounds/invitations-42.html,No Program Specified,General,1000,491,2016-09-07,2016-09-07 12:09:27,,2016-09-07,0,0,0,0,0,0,0,0,0,0,0,0,0,0,0,0,0,0
41,/en/immigration-refugees-citizenship/corporate/mandate/policies-operational-instructions-agreements/ministerial-instructions/express-entry-rounds/invitations-41.html,No Program Specified,General,750,538,2016-08-24,2016-08-24 12:12:22,,2016-08-24,0,0,0,0,0,0,0,0,0,0,0,0,0,0,0,0,0,0
40,/en/immigration-refugees-citizenship/corporate/mandate/policies-operational-instructions-agreements/ministerial-instructions/express-entry-rounds/invitations-40.html,No Program Specified,General,754,490,2016-08-10,2016-08-10 11:17:01,,2016-08-10,0,0,0,0,0,0,0,0,0,0,0,0,0,0,0,0,0,0
39,/en/immigration-refugees-citizenship/corporate/mandate/policies-operational-instructions-agreements/ministerial-instructions/express-entry-rounds/invitations-39.html,No Program Specified,General,755,488,2016-07-27,2016-07-27 12:40:23,,2016-07-27,0,0,0,0,0,0,0,0,0,0,0,0,0,0,0,0,0,0
38,/en/immigration-refugees-citizenship/corporate/mandate/policies-operational-instructions-agreements/ministerial-instructions/express-entry-rounds/invitations-38.html,No Program Specified,General,747,482,2016-07-13,2016-07-13 13:56:45,,2016-07-13,0,0,0,0,0,0,0,0,0,0,0,0,0,0,0,0,0,0
37,/en/immigration-refugees-citizenship/corporate/mandate/policies-operational-instructions-agreements/ministerial-instructions/express-entry-rounds/invitations-37.html,No Program Specified,General,773,482,2016-06-29,2016-06-29 12:10:42,,2016-06-29,0,0,0,0,0,0,0,0,0,0,0,0,0,0,0,0,0,0
36,/en/immigration-refugees-citizenship/corporate/mandate/policies-operational-instructions-agreements/ministerial-instructions/express-entry-rounds/invitations-36.html,No Program Specified,General,752,488,2016-06-15,2016-06-15 13:35:01,,2016-06-15,0,0,0,0,0,0,0,0,0,0,0,0,0,0,0,0,0,0
35,/en/immigration-refugees-citizenship/corporate/mandate/policies-operational-instructions-agreements/ministerial-instructions/express-entry-rounds/invitations-35.html,No Program Specified,General,762,483,2016-06-01,2016-06-01 18:59:32,,2016-06-01,0,0,0,0,0,0,0,0,0,0,0,0,0,0,0,0,0,0
34,/en/immigration-refugees-citizenship/corporate/mandate/policies-operational-instructions-agreements/ministerial-instructions/express-entry-rounds/invitations-34.html,No Program Specified,General,763,484,2016-05-18,2016-05-18 13:45:56,,2016-05-18,0,0,0,0,0,0,0,0,0,0,0,0,0,0,0,0,0,0
33,/en/immigration-refugees-citizenship/corporate/mandate/policies-operational-instructions-agreements/ministerial-instructions/express-entry-rounds/invitations-33.html,No Program Specified,General,799,534,2016-05-06,2016-05-06 12:47:39,,2016-05-06,0,0,0,0,0,0,0,0,0,0,0,0,0,0,0,0,0,0
32,/en/immigration-refugees-citizenship/corporate/mandate/policies-operational-instructions-agreements/ministerial-instructions/express-entry-rounds/invitations-32.html,No Program Specified,General,1018,468,2016-04-20,2016-04-20 12:29:05,,2016-04-20,0,0,0,0,0,0,0,0,0,0,0,0,0,0,0,0,0,0
31,/en/immigration-refugees-citizenship/corporate/mandate/policies-operational-instructions-agreements/ministerial-instructions/express-entry-rounds/invitations-31.html,No Program Specified,General,954,470,2016-04-06,2016-04-06 12:32:17,,2016-04-06,0,0,0,0,0,0,0,0,0,0,0,0,0,0,0,0,0,0
30,/en/immigration-refugees-citizenship/corporate/mandate/policies-operational-instructions-agreements/ministerial-instructions/express-entry-rounds/invitations-30.html,No Program Specified,General,1014,470,2016-03-23,2016-03-23 12:20:45,,2016-03-23,0,0,0,0,0,0,0,0,0,0,0,0,0,0,0,0,0,0
29,/en/immigration-refugees-citizenship/corporate/mandate/policies-operational-instructions-agreements/ministerial-instructions/express-entry-rounds/invitations-29.html,No Program Specified,General,1013,473,2016-03-09,2016-03-09 13:11:07,,2016-03-09,0,0,0,0,0,0,0,0,0,0,0,0,0,0,0,0,0,0
28,/en/immigration-refugees-citizenship/corporate/mandate/policies-operational-instructions-agreements/ministerial-instructions/express-entry-rounds/invitations-28.html,No Program Specified,General,1484,453,2016-02-24,2016-02-24 13:03:55,,2016-02-24,0,0,0,0,0,0,0,0,0,0,0,0,0,0,0,0,0,0
27,/en/immigration-refugees-citizenship/corporate/mandate/policies-operational-instructions-agreements/ministerial-instructions/express-entry-rounds/invitations-27.html,No Program Specified,General,1505,459,2016-02-10,2016-02-10 13:07:36,,2016-02-10,0,0,0,0,0,0,0,0,0,0,0,0,0,0,0,0,0,0
26,/en/immigration-refugees-citizenship/corporate/mandate/policies-operational-instructions-agreements/ministerial-instructions/express-entry-rounds/invitations-26.html,No Program Specified,General,1468,457,2016-01-27,2016-01-27 13:44:40,,2016-01-27,0,0,0,0,0,0,0,0,0,0,0,0,0,0,0,0,0,0
25,/en/immigration-refugees-citizenship/corporate/mandate/policies-operational-instructions-agreements/ministerial-instructions/express-entry-rounds/invitations-25.html,No Program Specified,General,1518,453,2016-01-13,2016-01-13 12:59:27,,2016-01-13,0,0,0,0,0,0,0,0,0,0,0,0,0,0,0,0,0,0
24,/en/immigration-refugees-citizenship/corporate/mandate/policies-operational-instructions-agreements/ministerial-instructions/express-entry-rounds/invitations-24.html,No Program Specified,General,1463,461,2016-01-06,2016-01-06 13:28:25,,2016-01-06,0,0,0,0,0,0,0,0,0,0,0,0,0,0,0,0,0,0
23,/en/immigration-refugees-citizenship/corporate/mandate/policies-operational-instructions-agreements/ministerial-instructions/express-entry-rounds/invitations-23.html,No Program Specified,General,1503,460,2015-12-18,2015-12-18 15:56:10,,2015-12-18,0,0,0,0,0,0,0,0,0,0,0,0,0,0,0,0,0,0
22,/en/immigration-refugees-citizenship/corporate/mandate/policies-operational-instructions-agreements/ministerial-instructions/express-entry-rounds/invitations-22.html,No Program Specified,General,1451,461,2015-12-04,2015-12-04 13:15:46,,2015-12-04,0,0,0,0,0,0,0,0,0,0,0,0,0,0,0,0,0,0
21,/en/immigration-refugees-citizenship/corporate/mandate/policies-operational-instructions-agreements/ministerial-instructions/express-entry-rounds/invitations-21.html,No Program Specified,General,1559,472,2015-11-27,2015-11-27 15:58:32,,2015-11-27,0,0,0,0,0,0,0,0,0,0,0,0,0,0,0,0,0,0
20,/en/immigration-refugees-citizenship/corporate/mandate/policies-operational-instructions-agreements/ministerial-instructions/express-entry-rounds/invitations-20.html,No Program Specified,General,1506,484,2015-11-13,2015-11-13 12:34:37,,2015-11-13,0,0,0,0,0,0,0,0,0,0,0,0,0,0,0,0,0,0
19,/en/immigration-refugees-citizenship/corporate/mandate/policies-operational-instructions-agreements/ministerial-instructions/express-entry-rounds/invitations-19.html,No Program Specified,General,1502,489,2015-10-23,2015-10-23 12:34:37,,2015-10-23,0,0,0,0,0,0,0,0,0,0,0,0,0,0,0,0,0,0
18,/en/immigration-refugees-citizenship/corporate/mandate/policies-operational-instructions-agreements/ministerial-instructions/express-entry-rounds/invitations-18.html,No Program Specified,General,1530,450,2015-10-02,2015-10-02 12:28:11,,2015-10-02,0,0,0,0,0,0,0,0,0,0,0,0,0,0,0,0,0,0
17,/en/immigration-refugees-citizenship/corporate/mandate/policies-operational-instructions-agreements/ministerial-instructions/express-entry-rounds/invitations-17.html,No Program Specified,General,1545,450,2015-09-18,2015-09-18 14:51:28,,2015-09-18,0,0,0,0,0,0,0,0,0,0,0,0,0,0,0,0,0,0
16,/en/immigration-refugees-citizenship/corporate/mandate/policies-operational-instructions-agreements/ministerial-instructions/express-entry-rounds/invitations-16.html,No Program Specified,General,1517,459,2015-09-08,2015-09-08 15:41:50,,2015-09-08,0,0,0,0,0,0,0,0,0,0,0,0,0,0,0,0,0,0
15,/en/immigration-refugees-citizenship/corporate/mandate/policies-operational-instructions-agreements/ministerial-instructions/express-entry-rounds/invitations-15.html,No Program Specified,General,1523,456,2015-08-21,2015-08-21 14:38:31,,2015-08-21,0,0,0,0,0,0,0,0,0,0,0,0,0,0,0,0,0,0
14,/en/immigration-refugees-citizenship/corporate/mandate/policies-operational-instructions-agreements/ministerial-instructions/express-entry-rounds/invitations-14.html,No Program Specified,General,1402,471,2015-08-07,2015-08-07 21:10:39,,2015-08-07,0,0,0,0,0,0,0,0,0,0,0,0,0,0,0,0,0,0
13,/en/immigration-refugees-citizenship/corporate/mandate/policies-operational-instructions-agreements/ministerial-instructions/express-entry-rounds/invitations-13.html,No Program Specified,General,1581,451,2015-07-17,2015-07-18 00:04:00,,2015-07-17,0,0,0,0,0,0,0,0,0,0,0,0,0,0,0,0,0,0
12,/en/immigration-refugees-citizenship/corporate/mandate/policies-operational-instructions-agreements/ministerial-instructions/express-entry-rounds/invitations-12.html,No Program Specified,General,1516,463,2015-07-10,2015-07-10 23:59:57,,2015-07-10,0,0,0,0,0,0,0,0,0,0,0,0,0,0,0,0,0,0
11,/en/immigration-refugees-citizenship/corporate/mandate/policies-operational-instructions-agreements/ministerial-instructions/express-entry-rounds/invitations-11.html,No Program Specified,General,1575,469,2015-06-26,2015-06-27 00:02:00,,2015-06-26,0,0,0,0,0,0,0,0,0,0,0,0,0,0,0,0,0,0
10,/en/immigration-refugees-citizenship/corporate/mandate/policies-operational-instructions-agreements/ministerial-instructions/express-entry-rounds/invitations-10.html,No Program Specified,General,1501,482,2015-06-12,2015-06-12 23:59:55,,2015-06-12,0,0,0,0,0,0,0,0,0,0,0,0,0,0,0,0,0,0
9,/en/immigration-refugees-citizenship/corporate/mandate/policies-operational-instructions-agreements/ministerial-instructions/express-entry-rounds/invitations-9.html,No Program Specified,General,1361,755,2015-05-22,2015-05-23 00:00:00,,2015-05-22,0,0,0,0,0,0,0,0,0,0,0,0,0,0,0,0,0,0
8,/en/immigration-refugees-citizenship/corporate/mandate/policies-operational-instructions-agreements/ministerial-instructions/express-entry-rounds/invitations-8.html,No Program Specified,General,715,453,2015-04-17,2015-04-18 00:00:00,,2015-04-17,0,0,0,0,0,0,0,0,0,0,0,0,0,0,0,0,0,0
7,/en/immigration-refugees-citizenship/corporate/mandate/policies-operational-instructions-agreements/ministerial-instructions/express-entry-rounds/invitations-7.html,No Program Specified,General,925,469,2015-04-10,2015-04-11 00:00:01,,2015-04-10,0,0,0,0,0,0,0,0,0,0,0,0,0,0,0,0,0,0
6,/en/immigration-refugees-citizenship/corporate/mandate/policies-operational-instructions-agreements/ministerial-instructions/express-entry-rounds/invitations-6.html,No Program Specified,General,1637,453,2015-03-27,2015-03-27 23:59:47,,2015-03-27,0,0,0,0,0,0,0,0,0,0,0,0,0,0,0,0,0,0
5,/en/immigration-refugees-citizenship/corporate/mandate/policies-operational-instructions-agreements/ministerial-instructions/express-entry-rounds/invitations-5.html,No Program Specified,General,1620,481,2015-03-20,2015-03-20 23:59:53,,2015-03-20,0,0,0,0,0,0,0,0,0,0,0,0,0,0,0,0,0,0
4,/en/immigration-refugees-citizenship/corporate/mandate/policies-operational-instructions-agreements/ministerial-instructions/express-entry-rounds/invitations-4.html,No Program Specified,General,1187,735,2015-02-27,2015-02-27 23:59:51,,2015-02-27,0,0,0,0,0,0,0,0,0,0,0,0,0,0,0,0,0,0
3,/en/immigration-refugees-citizenship/corporate/mandate/policies-operational-instructions-agreements/ministerial-instructions/express-entry-rounds/invitations-3.html,Canadian Experience Class,Canadian Experience Class,849,808,2015-02-20,2015-02-20 11:59:47,,2015-02-20,0,0,0,0,0,0,0,0,0,0,0,0,0,0,0,0,0,0
2,/en/immigration-refugees-citizenship/corporate/mandate/policies-operational-instructions-agreements/ministerial-instructions/express-entry-rounds/invitations-2.html,No Program Specified,General,779,818,2015-02-07,2015-02-07 11:59:59,,2015-02-07,0,0,0,0,0,0,0,0,0,0,0,0,0,0,0,0,0,0
1,/en/immigration-refugees-citizenship/corporate/mandate/policies-operational-instructions-agreements/ministerial-instructions/express-entry-rounds/invitations-1.html,No Program Specified,General,779,886,2015-01-31,2015-01-31 11:59:48,,2015-01-31,0,0,0,0,0,0,0,0,0,0,0,0,0,0,0,0,0,0